,0,1,Y
0,1.288505340281564,-1.220213922311872,1
1,-0.36400490713791034,0.765644375373512,1
2,-0.8580879966250128,0.7315290557761018,0
3,0.10977980386232555,-1.0871057087726839,1
4,-0.2638582392409409,-0.5824419598872308,0
5,0.630767714626806,-1.882866088760906,1
6,0.9831820028172162,-0.8916726231882106,1
7,-1.6388286057517396,-1.223632280798806,0
8,1.5802307786069079,-0.6874988085392514,1
9,0.4385671633925483,-1.222036958286781,1
10,-1.4901689213852611,-0.07937174016768622,0
11,1.1122582074304412,-1.9341947161845958,1
12,1.9087290481494845,-0.8075451264351892,1
13,-1.088768775741448,-1.5223616361267065,0
14,1.6960293989995745,-1.6195922721268494,1
15,-2.078758990540633,-1.4356159932554529,0
16,-1.6402387481574774,-0.7139190059185401,0
17,-1.1784235806848316,-2.559100771224765,0
18,0.7759108894855286,-0.9673652632494643,1
19,1.2229308923794329,-1.5684802307689318,1
20,1.682891593610655,-1.9181620376062283,1
21,-0.2531687786585509,1.4277809812887927,0
22,0.9268106882642414,-0.7540074297078887,1
23,0.5834998826808305,-1.6078875025469412,1
24,-0.26508451258296595,0.11674511190194536,0
25,-1.345072307080072,0.46102580757383826,0
26,0.9701206765334751,-0.17611588827263547,1
27,-1.5126158323689212,-0.29572355335998624,0
28,0.9808432383003874,-1.5875218206972963,1
29,1.6819997471372394,-0.511586223947196,1
30,-1.919583034283192,-1.7818060704535954,0
31,-0.6902380240068826,-2.229109989936743,0
32,-1.4771153910444386,-1.3700816993501097,0
33,1.9962819412291055,-0.40927368195198055,1
34,-1.0767687179933416,0.11812628276233283,0
35,-1.768023066663515,-2.0298523317753854,0
36,0.5671895886444411,-2.055889199750991,1
37,0.33910703296477707,-1.1882120762449497,1
38,1.3847713719184567,-2.1187406676308873,1
39,-0.9700299238164597,-2.5376721189859532,0
40,-0.023603674332779434,-0.1478704980511112,1
41,0.3319732273055046,-1.0527104228392048,1
42,-0.9700578692990651,-1.4382703662424439,0
43,-0.9565077273936748,0.5369984844167226,0
44,-0.9854107326840942,-1.3574082600999808,0
45,-1.0513569501929088,-0.8490732251495209,0
46,-0.817665227750491,-1.972774171075244,0
47,0.07334671866440212,-0.64949618377233,0
48,0.5118224147496484,-0.9844399545285231,1
49,-0.43939305892869107,-1.0143406526159733,0
50,-0.9874263314560909,-1.4610699456273024,0
51,1.9630956581943755,-1.3707094461391265,1
52,-1.8004156442245374,-1.6428810106504788,0
53,-2.0284617378253937,-3.0586940828423015,0
54,1.892201920600622,-1.8202704068633087,1
55,1.3041402080655835,-0.7431756020075435,1
56,0.09084393353199816,-0.5869898397789283,1
57,-1.9815423505015812,-2.0701361773241373,0
58,0.8408253627678203,-0.10596489583941415,1
59,-0.7546625591169486,-0.07392664839279517,0
60,0.7062318023905931,0.04467621764357044,1
61,-1.4514516927801693,-0.5706028338600757,0
62,0.005448272040217361,2.4094353787931024,0
63,-0.15421611249045197,-0.5461634196339622,0
64,-1.545463528681097,-1.266436091848186,0
65,-0.5873875903020493,-1.361446528772918,0
66,-1.589556137009258,-2.2190685979727,0
67,-1.8069172520126084,-0.8378982977478717,0
68,-1.418607913103918,-0.38368044031242177,0
69,-0.5035114741869466,-1.3054537716371986,0
70,1.7259368793639953,-1.8342717930426238,1
71,-0.22269996927830327,0.24251216336758308,0
72,-0.14612382753185282,-0.1875062654647025,1
73,-0.787188397293424,-1.160233841855283,0
74,-1.0259740984619623,-1.4491991865332026,0
75,-1.0404329913041392,-1.4532324014891913,0
76,0.35483907602524434,-0.1714339775015301,1
77,0.0005217446810390491,0.2498176389785256,0
78,-1.0654058770376484,-0.6143713411587518,0
79,-1.4037847966112742,-2.1135467875329788,0
80,1.1488011651084733,-0.21273970422294075,1
81,-0.31588465969359736,0.7841358401803167,0
82,-0.4846450775056692,-2.026380863879994,0
83,1.630956862765835,-2.1957427321124197,1
84,-2.041791568511467,-0.6866847021290678,0
85,-1.2199377038071606,-1.7440158622477782,0
86,0.5835986490358205,-1.041719751677087,1
87,-0.8172473233581314,-1.6509677466886532,0
88,1.2737587814014655,-1.9243972269457306,1
89,-1.1218381945858118,-1.0130490325445671,0
90,1.1872334410513667,0.20281235162986877,1
91,-2.1561766900147,-0.7952531023025836,0
92,-0.527769360556573,0.47202667136248544,0
93,0.9641998985277352,-1.2439406430933089,1
94,-1.2743561743948328,-1.1415080709423635,0
95,0.9497253102411307,-0.7095507660540259,1
96,-0.26161089323567277,-0.5327257894984586,0
97,-1.1047005977893996,1.0550604102870058,0
98,-0.9634292646192245,-1.5596404006577815,0
99,-1.5185209101723596,-0.6503675129660847,0
100,1.9493113259229307,-1.1087441738850174,1
101,-1.287702827402514,-1.9903600595697715,0
102,0.9732269950588178,-1.6557907662905609,1
103,-0.5245385702739336,-2.03302503418366,0
104,2.3356185383230095,-0.45515386094915045,1
105,1.6717457461665322,-1.5643786068275336,1
106,1.3261853492131186,-1.307261686872068,1
107,0.7657876037062675,-1.5378482806161244,1
108,-1.2627347559638027,-0.9782938218354283,0
109,1.1610059075243366,-0.8863604760472252,1
110,-0.7371305779664185,-1.4291066798878123,0
111,-2.3889545717375946,-3.084481366808334,0
112,-1.413263336150991,0.9301250854298899,0
113,0.7372125751071907,-1.9522997591347275,1
114,0.9148909335874923,0.24656166886297837,1
115,0.61606301474124,-1.682655904725545,1
116,-0.40652292079365193,-1.0850483797069714,0
117,-0.24518325254179585,-0.06998293302039826,0
118,-1.0797423956661554,-1.7287726295702577,0
119,1.22122707890287,-1.293539339199127,1
120,-1.9305280283687185,-1.3785836786167485,0
121,0.26644789845060113,0.6078374197189729,0
122,-0.7743285860555067,-1.3998649735433402,0
123,-0.8512156155666275,0.9579529135812019,0
124,1.7154667982610858,-1.504322620473479,1
125,0.30812695748363206,-0.9799727548676433,1
126,0.28619717962939784,-0.9219759850909196,0
127,-0.7553307235410834,-1.978059270491023,0
128,0.6817286459211269,-1.6070124899234741,1
129,-1.6129021672502923,-2.0837563058113657,0
130,-1.7570835997781091,-2.346938743883318,0
131,1.864660482028646,-2.314512383839893,1
132,-0.5933862047342194,-1.5095517606226192,0
133,-0.932080885918926,-1.2232168290744136,0
134,-0.5702275808137405,0.9612706089556364,0
135,-2.0526337038180955,-1.0373032158217477,0
136,-1.163164427230733,-1.7642155452892894,0
137,0.45834089929830035,-0.7287733104292697,1
138,1.8936984848108258,-2.0772385034369036,1
139,-0.9297987467452719,-1.9842197590923294,0
140,-1.4636900382365412,-2.269990409729032,0
141,-0.9600591347424439,-1.8094401495106143,0
142,0.8334549537280509,-2.0638752693722484,1
143,1.2212609294974741,-1.7635934846796752,1
144,-1.839898859280468,-1.98806575900689,0
145,0.8786993864945909,-1.4401442986054434,1
146,-1.114619572098164,-1.799116839717786,0
147,-0.873408415457936,-1.3932151798064363,0
148,-0.6943208813500185,0.4277170766910221,0
149,-0.2443549575883498,0.16617131267466978,0
150,0.7249155263398535,-0.22781129271168443,1
151,-0.6530312722011905,-0.30819572404151185,0
152,-0.3127629771152024,-0.05383100732798318,0
153,0.6764499102886297,-0.1465154665770132,1
154,-1.5090807046551595,-0.8715202390225882,0
155,1.3571009507038339,-1.0762557690798664,1
156,-1.1372235125431789,-3.048578129674342,0
157,-0.9006089671719155,-2.383794643602533,0
158,0.3906469894050848,-1.4107126088165263,1
159,-0.8398470196441282,0.0022517308181984053,0
160,-0.6499494772057499,0.4485123059884304,0
161,-0.8042162950440135,-0.3495495307711528,0
162,0.7414301444073519,-0.9014907411391886,1
163,-1.6128660390959406,-1.507590183229136,0
164,0.8704354542082777,-0.3389677328380172,1
165,0.6698491592390027,-0.9403996280684426,1
166,0.49172047756083737,-1.0218637898731555,1
167,1.050894262610783,-0.6719538157649225,1
168,-0.7695527801010235,0.5970040491977635,0
169,-0.27181926220217256,-1.1642379006670829,0
170,1.0656445510814254,-0.8900086073116951,1
171,0.6378589512653462,-1.280572542380229,1
172,-2.805089989138403,-1.646613737792863,0
173,1.5875116309697324,-0.9690575463233274,1
174,-0.6762027271509605,0.13600405479777677,0
175,-2.162734096181233,-1.6756114426161999,0
176,0.9861562366848157,-0.021106418687833695,1
177,0.9626776832678504,-0.9752284738139378,1
178,-1.495618179114671,-1.8569857273636203,0
179,-0.8738398289821919,-1.7896082293859568,0
180,-0.41174494334751865,-0.9911964128037999,0
181,0.6740588513000132,0.08824164973899173,1
182,-1.4038034448801304,-0.44122871800853813,0
183,-1.058566754802734,-2.3239551011098634,0
184,1.3991922199753635,-0.6586570640644742,1
185,-1.1147372169978138,-0.8477288979437397,0
186,0.47774423019802326,-0.32403294686343165,1
187,1.551924184789373,-1.610465521428734,1
188,0.6238542089109663,0.7120883328218521,1
189,-0.05544276871402598,0.6565626151635977,1
190,0.5683802578368181,-1.0473223026260117,1
191,-0.8477860138455837,-0.5588236227775226,0
192,-1.3356416068648604,-0.7572986357745393,0
193,0.32216261979488603,0.7024183897139795,1
194,-0.5373039794574253,-1.3971291998284348,1
195,0.8982713850839513,-2.0522931336396306,1
196,1.736351860872932,-2.6980450509837954,1
197,0.016642191536308637,-0.05297331012444939,0
198,-1.394516818499361,-0.39654085388658555,0
199,0.18692423593209373,0.5565428083329265,1
200,1.9033945914113706,-1.7296974725959433,1
201,1.5511449002715627,-2.6325472157483434,1
202,-1.312631738882935,-0.9385929015379568,0
203,-0.751061101522063,0.2608217258038579,0
204,-1.0786574922411796,1.0236986183504362,0
205,-2.1522623628295907,0.32747465944138443,0
206,-0.7281551963673808,0.05985219165778055,0
207,-0.9216508058416841,-2.2083705724949922,0
208,0.4771621457087627,1.3244370927264537,0
209,0.26469482196205973,-0.5932286634174277,0
210,1.5740158518928116,-0.6889156162926187,1
211,-1.4055906038249657,-1.1352093249676878,0
212,-0.3465059764608881,-0.5927573473362387,0
213,-1.5520149206115348,-0.8017879884380504,0
214,0.928319025213123,-0.14021829447977074,1
215,-1.198024604858934,-2.127286531198113,0
216,-0.09106974854742211,-0.47598408224775646,1
217,-0.6071214144191306,-0.6780430246935852,0
218,-0.30931404794914896,-1.3018821102045879,0
219,1.7342326497734883,-0.438076989750251,1
220,1.1966733238614253,-1.6370723601010568,1
221,-2.050800970048018,-2.0417855543861863,0
222,1.7506590089141176,-2.0415909985793252,1
223,1.3830157287356926,-1.3412088452306317,1
224,0.39304214995578746,0.07578683247441753,1
225,0.545906996273817,-0.03591124940259205,1
226,0.7881964065075175,0.4708046473262737,1
227,-0.4865206035009314,-2.6557464754725517,0
228,-0.033040801647887585,0.847352744947069,1
229,0.7760812134436458,-0.8629518492810937,1
230,1.147124466607205,-1.716645094260202,1
231,1.1796599688764,-0.7057262744187333,1
232,-1.2403844230978665,0.1560394722447156,0
233,1.6108345397989514,-2.3008700423912245,1
234,1.5072600501024893,-1.7071262684740254,1
235,-1.235552499988278,-1.3828223036601561,0
236,-2.1638943091347755,-2.2672158282615804,0
237,0.8432813519729967,0.04550940062302122,1
238,-1.3308847959076198,-1.00810163393398,0
239,-1.5105961856280403,-2.4359745312417695,0
240,1.6712799897559674,-0.8906349583977959,1
241,0.27395013343791763,-1.1603550056439493,1
242,0.4654863161422631,-1.0666762340061784,1
243,-0.052137233449731646,0.7516232734326069,1
244,1.0113446007337246,-0.7600478245809814,1
245,-1.217947150571135,-1.2524620034286338,0
246,1.465550802057403,-1.2512490136793746,1
247,-1.6657275975805752,-1.4640814678489824,0
248,-1.3452443053690293,0.7237452143898113,0
249,-0.8063222775502478,-1.6316469565409,0
250,-0.8841730413897784,-1.8547137508890938,0
251,0.7515682097111496,-0.6546420919514304,1
252,-1.073343083181044,0.05414755972224916,0
253,1.3080392262396876,-0.7150710865359705,1
254,1.5492259180998766,-0.7262671213619901,1
255,-2.359940821102869,-3.098196818843923,0
256,1.9225103349740553,-1.181054252302183,1
257,-1.1434832972686568,-0.8053689304746692,0
258,-0.7444719754615174,-1.3348928246249354,0
259,0.6129954365793445,-0.7284015899072964,1
260,-0.20182673265534778,-0.537953756828622,1
261,1.3263925647949277,-2.4120567830707653,1
262,1.2288335690616394,-2.989347729364453,1
263,0.6135803665276287,-0.3914034291913948,1
264,-0.9454407247361822,-1.0421804206225231,0
265,0.625010845731492,-1.1500314505971279,1
266,0.46890045717045514,-1.2224325289622417,1
267,-1.7781224021125484,-0.39143803124351684,0
268,-1.7931682889617968,-2.880592654707444,0
269,1.2201701751101495,-1.0855327012406415,1
270,-0.9388093076282119,0.09148076784836734,0
271,1.5995062509064908,-0.7055198848042512,1
272,0.777695689256906,-0.5808901437256611,1
273,0.6566713793735395,-0.5557014029320732,1
274,-1.8920549066193373,-2.851824769905495,0
275,1.8041863656555615,-2.301491782493416,1
276,-0.8472220296712784,-1.0767477935426182,0
277,1.5418048560612525,-1.9268279171352158,1
278,-0.16947912152896927,-1.9176774296945251,0
279,0.4023620256290049,-0.29480270735367975,1
280,-1.2841841290573426,0.8554652391338031,0
281,0.570271632960128,-0.7775285752772302,1
282,-0.35097566607275044,-0.03813634997172377,0
283,1.696346932442037,-1.6625733739351642,1
284,-2.028469595055035,-2.695548461355692,0
285,0.5661113325430838,-1.4939663693058496,1
286,-1.9763425365770835,-2.3401294931078978,0
287,0.9848448317527123,-1.3016434040842517,1
288,-0.8609443685189873,-2.4880570615010473,0
289,1.6890015533930218,-2.291401193412501,1
290,-1.3458767802679974,-1.4036361381931797,0
291,-0.08860514148874898,-1.225157637100397,0
292,1.558139218587364,-2.7420300348421236,1
293,-1.180500708010696,-0.45614771264902043,0
294,0.6290551134752554,-0.22559547783708023,1
295,1.250846244177485,-1.6745651616958432,1
296,-0.2908037614024239,-1.4090245473369836,1
297,-0.4899762397265919,1.064990086854308,1
298,0.9396111226696671,-0.6104866693012589,1
299,-0.30295400462433986,0.14588205037180169,0
300,-1.000564323454338,-1.1697472140072258,0
301,-0.781350426353487,-1.1586445972140273,0
302,-0.7571963324078312,-0.8588745903288021,0
303,-0.3665005487778167,-1.1379547493072106,0
304,1.6987619490705546,-1.1133649681295827,1
305,-0.12045956149611847,0.8082251545778936,0
306,0.7739129038872417,-0.5736695569731287,1
307,1.2291406214327858,-2.0264342723095745,1
308,-0.7232189109685532,0.030278945781053945,0
309,0.47334488588031876,-0.10608181944769401,1
310,-1.7519169152391074,-3.383992502637061,0
311,1.211722215438031,-1.3057084704111799,1
312,-0.3177911678381289,-0.6501963226693181,0
313,0.6224282622907473,-0.9520304436757664,1
314,0.7301383620847697,-1.7567734100443628,1
315,-0.35517115583019643,0.7405228955591243,0
316,1.0051057090584212,-0.616174945357659,1
317,-0.4742214991756568,-0.6046129789410798,0
318,-1.3230286596082919,-2.533483117562482,0
319,1.1685079603218707,-1.7312259922893993,1
320,1.0601572490477746,-1.09242617470867,1
321,1.8212381244315545,-1.3707047992575687,1
322,-1.0220110365031623,-2.093642480490237,0
323,-0.4287181082446533,-1.4131902385391313,0
324,-1.1939677421134922,-1.8895865478425744,0
325,-1.8701750877474135,-1.2662053378679443,0
326,0.8288339620061396,-1.793629494863732,1
327,-0.9607228253703077,-0.9363318294418913,0
328,-2.1082597081747405,-2.213951334482008,0
329,1.1439865341560693,-1.504713320556721,1
330,1.2555407325519143,-1.5825284758690144,1
331,-1.9762529006363512,-1.5980351178993246,0
332,-1.2789932879013965,-1.4679515947633037,0
333,1.1397295131791632,-0.5049207963903799,1
334,1.3304846593489854,-1.3776145608239991,1
335,-1.4470970265817915,-1.5526115636649123,0
336,0.2669760232411498,0.6361406716518334,1
337,0.7924396326135886,-1.2479313371737635,1
338,0.7102164560438453,-2.0664026113371907,1
339,-0.8099989529085596,-0.9509468147069396,0
340,-1.1990309981099025,-1.5603028177327047,0
341,0.514823587840932,0.5915228670886106,1
342,0.9885534239973095,-1.001473969765747,1
343,1.4535720456244623,-1.0224683262333563,1
344,-0.5628547449256884,-1.4220341226798645,0
345,1.3090878957279413,-1.135063074120291,1
346,1.42999643284745,-0.6454350814946523,1
347,-1.8997925812487333,-1.862501937892737,0
348,0.061356509187114217,-3.1839091541594424,0
349,1.3015338792948554,-1.125131609312497,1
350,1.0216518914562602,-0.458206870435385,1
351,0.13045415660905524,0.12591766350843314,1
352,-1.050281333995172,-0.0025047282137004023,0
353,0.8494909068633301,-0.3330457380462256,1
354,-0.9384936422863789,-1.6851696928573823,0
355,1.3848494835231162,-2.004413425540056,1
356,0.49960568711703557,-0.25279183927807813,1
357,1.3414173116786192,-0.9695063792976026,1
358,-0.6950643350827768,-0.18387037118755656,0
359,1.1420207737091068,-0.7505600687714264,1
360,-1.8553481910465508,-1.7309799502272005,0
361,-0.9172785871699004,-0.41330724878207625,0
362,0.04059557930330293,-1.282190515473922,1
363,0.405775715522114,-1.3633009030996437,1
364,0.4441240274036353,-0.9813899158033041,1
365,-1.3566567699461878,-0.9245305582794162,0
366,-1.2974824873149955,-2.1033434818625016,0
367,0.3806677121965465,-1.2861117158584778,1
368,1.3325979119420692,-1.5520330924257155,1
369,0.7641099637217429,-0.5245259712001511,1
370,-1.6890997270022656,-0.9518854469439111,0
371,0.7397027081183225,-0.8357976593792041,1
372,-0.5217048509551829,-1.144168085932661,0
373,0.988521728157003,-1.2706403118134406,1
374,0.9755586984097351,-0.30334121592897223,1
375,0.9648817394773581,-2.278857433989576,1
376,1.0396121546739874,-1.5004074988766278,1
377,1.5921928443422488,-0.9669249036697888,1
378,1.0959601298439052,-0.9274539861505421,1
379,0.572005743858679,-0.38473400073901287,1
380,1.8856355949178938,-1.5214323067124063,1
381,0.812234039549437,0.47529319833814965,1
382,-0.6498126463502316,-1.5474286315857155,0
383,-1.4407778859705334,-0.9077835187517914,0
384,-0.21156773793358008,-0.21466044582819466,0
385,1.2483833730469727,-1.3753603187351733,1
386,-1.388083077695013,-1.4395179651701326,0
387,-0.3377555084121652,-1.8073265523216413,0
388,1.2387270806471125,-2.6937875322012084,1
389,-1.0730560756417737,-0.02940121539286289,0
390,0.3023216326320156,-0.7676301998596738,1
391,0.7334224110764906,0.30608185235364926,1
392,-0.7532723247984928,-0.9999960458094622,0
393,-1.423422015493893,-1.0452278644127102,0
394,1.1273312402495426,-0.24229065896072932,1
395,-1.565859050210014,-1.7031150336263718,0
396,-0.7392592985091544,-1.006132967745003,0
397,0.8416993283723772,0.4388879277993123,1
398,0.9765017609716111,-0.3810608441061121,1
399,0.6418634840907521,-0.713371349564248,1
400,0.3933422663992864,0.03522564287785701,1
401,-0.7165109969070943,-2.17745781688348,0
402,0.6500157308352736,-1.789902388468732,1
403,-0.714454739000246,-1.6130808919201054,0
404,-0.7340442879340876,-1.2316829561837344,0
405,0.99114479756546,-0.6859790046497211,1
406,-1.6253557731163815,-2.09540630909912,0
407,0.297804444489278,-0.2698579356251013,1
408,1.6362714681445008,-1.1688953100216195,1
409,0.5989323489129716,-0.6799046567812335,1
410,0.12294661684323316,-0.4110202091295734,0
411,1.4740646243235294,-1.2887961685582243,1
412,0.6645189974010794,-2.8020598704907465,1
413,1.1163617150342469,-0.3713151403550654,1
414,1.0040275400993657,-0.6941516137139909,1
415,0.4974150682392052,-0.9534165757189575,1
416,-1.227988577401706,-3.394416301473276,0
417,0.5045970274738808,-0.8908535914811815,1
418,-0.754109979782062,0.23103968158262256,0
419,-0.7789579376468255,-1.6767255268547503,0
420,-0.8989452713284752,-1.785487072981036,0
421,1.114951433054421,-0.6627633979144834,1
422,-0.3988533407898639,-2.197936266683385,0
423,1.3581295382021783,-0.9417214197154634,1
424,-1.2401085746688592,-2.6626023262252243,0
425,1.5520550587210102,-1.9666224135378751,1
426,-1.6691152939392477,-2.373169284980677,0
427,-1.3736276784521344,-1.873265073906126,0
428,1.603120804522296,-1.5410438996345828,1
429,-1.2216218328750967,-1.5443931708794172,0
430,1.6493178348315651,-1.3832612221220835,1
431,1.5376836593481227,-2.686816624597169,1
432,1.2859261015451948,-1.1484283374381217,1
433,-0.011219912896663908,-2.161789706323157,0
434,-1.2127282891078595,0.0011097738983689709,0
435,-1.8551969707720617,-1.2356566811223002,0
436,0.5446434222941559,-2.60563386429608,1
437,-1.5526270922036474,-2.0007601161775894,0
438,-0.179685143027565,-0.8740410136965642,1
439,-0.6909462291885871,-0.2834011882883638,0
440,1.2462712443965693,-0.34277452727390534,1
441,-1.495926868112829,-1.2793077021330386,0
442,0.7912318004216364,-1.6219016218703315,1
443,-0.37292913949061945,-0.6240164693061954,0
444,0.818892052081667,-1.3931357480851447,1
445,1.2825489514042623,-0.6950028490414153,1
446,-1.466169442650753,-1.1056470370073672,0
447,-0.8780325516267321,-1.5518975447594627,0
448,1.0196260930318195,-1.0570671502035056,1
449,-1.3494998574703894,-0.26988340834612634,0
450,-1.2472597023089735,0.5926939338030814,0
451,-1.569340204734722,-0.5185561872064407,0
452,-0.65286963393313,0.30092216112838055,0
453,1.2021038456587974,-2.133154465034055,1
454,-1.219054944508942,-1.7581995459805912,0
455,-0.31505504700286036,0.27394584191726645,1
456,0.9948251427839833,-1.4247927278724628,1
457,1.2622354569587182,-0.35728853897641344,1
458,-0.6628295207511268,-1.293406538075806,0
459,-1.212999110489039,-2.3003760360128656,0
460,0.47107984193965824,0.19498572160794803,1
461,1.2642322532835188,-1.8191945008734134,1
462,1.3598031848202334,-1.788594150099649,1
463,-0.4321966526153588,0.1561308023447343,0
464,-1.7978273923281023,-0.5191832579398223,0
465,1.3559848830937802,-0.40862574711111577,1
466,0.47670135871489305,-0.5851202043337435,1
467,0.6746121863402543,-0.6198274624812132,1
468,1.334631355613071,-1.1862554049831169,1
469,1.5156510372645404,0.43382548823345846,1
470,1.3241605637479212,-3.1041357904976326,1
471,0.10856803744513133,-0.9255891448441335,1
472,-0.4990910986463507,-0.5700441780131151,0
473,0.04179559163464763,-0.4946219291070012,1
474,1.4333247308447834,-1.5955032216405542,1
475,-0.8405832526782301,-1.0934195113113647,0
476,-1.1500352920795802,-0.038566907881778745,0
477,1.308137912637188,-0.8009064132846612,1
478,-1.8319948487806093,-1.2344943625463922,0
479,1.6320790651025068,-1.10650609437842,1
480,0.6144290098879294,-0.6829079853508755,1
481,-1.8659773639439243,-2.0822932150053255,0
482,0.6522820770923599,-0.27561888425415904,1
483,0.2478366477584184,-1.671528897781407,1
484,-0.5598996040854176,-0.41190553890105075,0
485,-1.9025953943747302,-0.7526175228779691,0
486,1.2583726729813764,-2.3218356150016066,1
487,1.0285535385139895,-0.4122562828657401,1
488,-0.040171702383275276,0.2237170381347997,0
489,0.7189700068900278,-0.7725861931200533,1
490,0.518601701161647,-0.5438480676662483,1
491,-1.6745034935764882,-1.92795380655794,0
492,-0.37645217926867625,1.4656336981065419,0
493,-1.314463371601527,0.9960876046882672,0
494,-1.912147373352005,-0.22805387369983599,0
495,1.2461233649583334,-1.2599660915154534,1
496,0.9111177498026088,-0.6871942913030615,1
497,1.3916409045056948,-1.6924081644015962,1
498,0.1069813752947728,0.4779041090558418,1
499,-0.16290742103973432,0.24160890278678027,1
500,1.6771385780181887,-1.58085205258106,1
501,1.469671779564631,-0.9400971504091802,1
502,-0.9871586295318646,1.6201103285332215,0
503,-1.4879197828992528,-1.9372678994107424,0
504,-0.6690688826708984,-1.9617772157558275,0
505,1.1687489508566193,-1.2860434249257275,1
506,-0.46087871195295127,-0.44386779257191833,0
507,-0.8948725250731098,-1.2049230721498714,0
508,1.173372203937184,-1.1101720995995281,1
509,1.3475595060879912,-1.1013486756660775,1
510,-1.5222758340584122,-1.5037718968419127,0
511,0.7755788609000644,-0.876704394483846,1
512,-1.34733019088179,-1.5524497752034865,0
513,-1.139048518322276,-0.8166926876575333,0
514,-0.8944975448411903,-1.2669864460173819,0
515,1.8512526517486778,-0.6136513054711803,1
516,-0.5671518825642918,-0.9572185901462653,0
517,0.5769602448103177,-1.7812531949000263,1
518,-0.938631509350422,-1.9313212928759893,0
519,-3.154854288065073,-1.9495596627883853,0
520,-0.7368834514707067,0.15646067151064558,0
521,-1.4998852085241212,-1.1894810404781582,0
522,1.305699745408224,-2.472191094483528,1
523,1.1547065156676326,-0.9389725158458812,1
524,1.68297668233331,-2.059024883151861,1
525,-0.702018415083135,-2.3451536785619207,0
526,1.1319769867081664,-0.47448428829081146,1
527,-1.1036668277641135,-0.9350259881910097,0
528,-1.0778671537784035,-0.9889281234350915,0
529,0.2525429168674058,-1.2636302429151416,1
530,0.3921864360046978,-0.02714058058436042,1
531,-1.9146051406427624,-1.8148902041774895,0
532,1.2835550508729558,-0.6815778890186044,1
533,-0.6366873858868978,-0.8208449630551302,0
534,1.5953950120716809,-1.5674079148574078,1
535,1.6264107306502606,-1.2308552816004559,1
536,0.9796414802792528,0.8162390181464183,1
537,1.2445349181873284,-1.6415651961076074,1
538,-1.4996978385670363,-1.9901514715562167,0
539,-2.3014769432588484,-3.1003603492719423,0
540,0.8644045820721825,-1.549656056390793,1
541,0.2872708413617049,-0.14439474081418868,1
542,-0.11829999405153768,0.5598249274577494,1
543,-0.694300764844786,-1.6044649299106037,0
544,-0.5981546332542126,0.21385911784654632,0
545,-0.7729366393258694,-0.8884822961382589,0
546,1.4874144454201894,-0.9751882764741343,1
547,0.5838374563404012,1.1616835035538173,1
548,0.7997100444500674,-0.47406345817163853,1
549,0.8295463449934273,-0.6464734311690694,1
550,-1.2092130869400544,-1.8469493775137935,0
551,-0.47970314174691253,-3.0839088822831413,0
552,1.7636683418677717,-3.193755267417222,1
553,0.6010327547149403,-1.4806412747447162,1
554,-2.2538967907226075,-2.676150389128059,0
555,1.4079532375155284,-1.4566230797634578,1
556,-1.0815261778257512,-1.3260416218144018,0
557,-1.0544106630858372,-1.321371159143821,0
558,-0.7469799924637668,-2.772711145589427,0
559,-0.16435166011369895,-0.08038642965220344,0
560,0.5344166350516351,-0.3648093286749583,1
561,-1.7523226961143918,-2.0388833814297955,0
562,-0.32768526468150594,-0.40792398512036177,0
563,0.9967302913143836,-1.823851821444373,1
564,-1.877797271807537,-0.2405052341089967,0
565,0.20587419228305703,-0.8686232555287963,1
566,1.1783131426050515,0.7574022314744839,0
567,-0.416711217827919,-0.8305038225157219,0
568,1.1371895770738254,-0.739660420407136,1
569,1.471068459972038,-1.6672357252970456,1
570,1.8849032703441422,-2.16895279763012,1
571,-1.1306560703926627,-0.6769699376554356,0
572,-1.7401673919656488,-1.8023806126961261,1
573,0.8930964840901991,-0.16687132981106667,1
574,-1.1019342585074257,-0.5436269562858566,0
575,1.3622213220973687,-0.10788035601641,1
576,0.8607008831417252,-2.174018425949232,1
577,-1.1424638368748037,-0.23125748683882275,0
578,-0.7701321081662378,-0.2362183480227189,0
579,-1.1559490687594318,-1.0096043487335467,0
580,0.0694053899468261,1.9914128185280773,0
581,-1.7614191363609892,-3.777185056798904,0
582,-1.810996466441479,-0.14808199478951156,0
583,0.4368976689570334,-0.4055569632454257,1
584,-1.0615769717878762,-1.5233716014695806,0
585,2.0059993333254917,-1.2738867362391315,1
586,0.9027849694485918,-0.6663804264095338,1
587,0.24497860053545373,0.565814429736269,0
588,-0.8594359021143274,-0.31191800629430566,0
589,-0.8032011847407161,0.2110138286904839,0
590,-2.4621407796720787,-2.267512075150198,0
591,1.1916769693439375,-0.6228976196234488,1
592,-0.9443779597545704,0.2141176877055091,0
593,1.3461216438747,-1.0288955304633933,1
594,2.656079776338515,-1.2356125199886812,1
595,-0.30820594846867844,-0.1305199153079356,0
596,0.5537686501079381,-1.2099302495556334,1
597,1.4542684936716013,-2.346543148843689,1
598,-1.828216726527133,-1.5575178621464285,0
599,0.8685040583649898,-0.4669258156270385,1
600,0.013558096588216495,0.1540567206723229,1
601,-0.8611342695737905,-0.3634093622642087,0
602,-1.6451676965263617,-1.4535390245490794,0
603,1.1679819329233863,-1.635821066689117,1
604,0.12982367360660607,-1.7197577711474397,1
605,1.9365324645810378,-0.7385243015446434,1
606,1.2398367915926833,-1.8753804095219304,1
607,1.3939465610371398,0.20747433114479885,1
608,-0.8685048613670077,-1.9181636437583438,0
609,0.862754462523987,-1.1149158063157003,1
610,1.5592936842624758,-1.8067362925392918,1
611,0.8891029353149763,-1.3789314997204007,1
612,-1.3929536481584295,-1.5617275552101963,0
613,-0.5032362549426855,-2.2856480040234013,0
614,-0.4609601236788844,-0.8880192431657856,0
615,-1.5217644748238954,-1.3737442912888407,0
616,1.6933270356729075,-0.5016099198167792,1
617,-0.9926936455416981,-1.4642164027361713,0
618,-0.8271655977044591,-0.26536622109567287,0
619,1.2298975966158383,-1.1560834927832038,1
620,-0.71150489115766,-0.18347807959757845,0
621,-0.8702829527582336,0.9824446133866491,0
622,-0.9910383561604195,-0.6635556520526789,0
623,-1.4007653978541659,-1.3365035974476545,0
624,-1.2438911880564831,-0.43730404755266616,0
625,-0.9650730819526891,-2.62555178213258,0
626,-0.029570812860611917,-0.1969781960746917,0
627,0.9198505067518615,-1.5105407833314863,1
628,-1.129586829966208,-0.8809489427706382,0
629,-0.6789642407165584,-0.18840193358274604,0
630,-2.313282085366313,-2.199155412171106,0
631,-0.174974905893036,-0.1329376193174061,0
632,1.3598688338372287,-1.6960453010502976,1
633,1.6007318779039845,-1.613565875063015,1
634,-1.0562373625268462,-1.4769640766484415,0
635,1.5225489432701709,-1.4971492376790665,1
636,1.538002672127175,-1.996597567547091,1
637,1.169964285350859,-0.26809744547849457,1
638,0.9561984638484378,-1.2900158248773868,1
639,0.6014906112910215,-0.4685385127313597,1
640,-1.1471548775275668,-2.5573495682465417,0
641,0.3527100201803197,-0.24355288592075353,1
642,1.3508223091310891,-1.4601081207365372,1
643,-1.45378021622696,-0.7407588660906352,0
644,0.8677282410367375,-1.5564925115493438,1
645,0.7902663728097886,-1.5025929890963448,1
646,0.8496381621963667,-1.1317514282238135,1
647,1.487323003469662,-1.973793730393575,1
648,0.5032069984205808,-0.20877640749347415,1
649,-1.125687268081338,-1.7025946921115978,0
650,-0.7300711245112459,0.17233482769508757,0
651,0.6451529103683892,-1.4543191173115644,1
652,0.9112039079738057,-2.7161594516143523,1
653,0.6868693485161267,-0.7931946458265036,1
654,-0.153723227591822,-0.20153073812257916,0
655,-0.6051171525426768,-0.04930328950739982,0
656,-0.5773763222685588,-0.1933873526551212,0
657,-0.70491072933107,-1.968218939669452,0
658,-0.01157266498922116,1.3269969305867404,1
659,-0.695810012913787,-0.8298775919777092,0
660,1.9257742324749372,-3.2446280850045217,1
661,0.10954489905212095,-0.10813885889530384,1
662,-0.7674986599156529,-0.4368452565719433,0
663,-0.10940820560685771,-0.4672454260302382,0
664,-0.1649480085059103,-1.0831048185791166,0
665,-0.941403171057589,-1.3010295245665213,0
666,-0.9205683915292262,-2.410940510151357,0
667,0.2465059824106871,0.49738371781853963,1
668,-0.3823322141742804,-0.01849628822245053,0
669,0.48830157910063576,-1.1851118851390763,1
670,-2.3821633660135113,-3.03456259781555,0
671,0.6239831983219205,-1.7326968113693142,1
672,0.29007318465181897,0.07943845679940642,0
673,-1.0912123495355148,1.1117307756782786,0
674,-0.11839252996927518,0.666832799918788,1
675,1.160528969761955,-1.2468770964056959,1
676,0.8258540828323585,-0.5040792048503653,1
677,-1.121277069316482,-3.0219561103017933,0
678,-2.5800687720623197,-2.593156193823905,0
679,-1.5627527808536703,-2.1891790033375598,0
680,-0.7238620118917163,-0.9979955759908642,1
681,-2.261598480013516,-3.204346605825237,0
682,1.749974817488305,-1.0809474557586156,1
683,0.034423505880641136,-1.192045788841891,1
684,-1.0838267790314762,-2.380072135071142,0
685,-1.2866778002236217,-1.0243078048260248,0
686,-0.4990955972127388,-0.9741174640254656,0
687,1.7598357498771813,-2.3629816351629853,1
688,-1.7530830643312574,-2.3376500780652236,0
689,-0.6261697362144704,-1.2003532888980624,0
690,-0.5073652156244375,-0.5413272823377636,0
691,-0.9635974973024101,-2.350449701532936,0
692,-1.0801006898504208,-0.7987222937693983,0
693,0.7598699205590382,-1.0613737231132503,1
694,1.4334693662025628,-0.6123461327131108,1
695,1.8337376678085533,-1.4611644992269321,1
696,-1.0978226059202167,-1.073849951040526,0
697,0.9233795779554316,0.21429411596851655,1
698,-1.687621083762616,-0.890697827263492,0
699,-2.050868313680634,-2.55773732262161,0
700,-1.401485684129328,-1.1665086062329262,0
701,0.7600628353632792,-0.24457324002358583,1
702,-1.1597635236144685,-0.34764479433589734,0
703,0.8492766409286696,-1.787748052742459,1
704,0.6093901370866059,1.3217787593052828,0
705,-1.3892865675114563,-2.153710502988523,0
706,-1.2292273440635608,-1.2561993999757026,0
707,0.5687925448368045,-0.5433689503179848,1
708,-2.2800608718852513,-2.3888326708568224,0
709,-0.8132593780881351,-0.941694950840936,0
710,-1.5185756850277135,-0.9684960531755428,0
711,0.47474764831951355,-0.6615074291015323,1
712,2.0100824903805083,-0.9968315513858711,1
713,-1.7793299639103317,-0.482623941422881,0
714,1.792878710707726,-0.7873036831629279,1
715,-0.6545224324634645,-1.4331728976475557,0
716,-1.2309679921427978,-1.5651178077654988,0
717,0.822270563086571,-1.3418015870001592,1
718,1.5491654047509635,-1.46788991784606,1
719,0.25357588968800515,0.3040194611712128,1
720,1.0724479154457764,-1.7727893189469102,1
721,-1.4325719432328372,0.14847396800050627,0
722,-0.231018998314513,-0.13606792382600874,1
723,1.2897150758341536,-2.172185012829956,1
724,-0.7472782598665284,-1.5736564846963166,0
725,-0.3146455357180009,-0.05491125776549277,1
726,-1.5770663486069942,-0.014512009754298338,0
727,-0.4935786002716074,0.31275199296703526,0
728,1.8954600617173805,-1.7732313679842462,1
729,-0.6486741430665269,-1.1058919179320557,0
730,-0.8142268995012719,-0.9784740064168795,0
731,-0.19642961081012933,0.17873604012841238,1
732,0.6462416623056666,0.3256062710876908,1
733,-0.5288855980779625,-1.663572744464332,0
734,-1.0870436920249078,-0.7893816805607412,0
735,-1.663942268117364,-2.707197337030106,0
736,-1.069127163844199,-1.1905227321174903,0
737,0.12196793219920676,-0.15490870456298422,1
738,-0.960267303202889,-1.3504214880583751,0
739,-1.543567771598724,-1.9405366582654815,0
740,-1.277583191896536,-0.8816670077942236,0
741,-0.12589707362796632,-0.7157406301626079,0
742,0.5260095360906518,-0.8332690283402333,1
743,-0.8542976594556164,-2.463020056488646,0
744,0.07107073415847598,-0.836182027711194,1
745,1.6919340607122197,-2.078781121253443,1
746,-1.1608829000740437,-1.9022485284270614,0
747,0.9963955131759855,-1.643095987624182,1
748,1.0035744413865775,-0.6995422935470896,1
749,-0.8439339744247241,-2.301710116234591,0
750,-1.0862603873358454,-0.2182670528326639,0
751,0.14406118372136612,-0.6975900720666657,0
752,-0.6797240976107747,-0.525499148403415,0
753,1.165886724490893,-1.1279056162550272,1
754,1.0835160070204013,-1.058357717276411,1
755,-0.8511582622169961,-0.29913241565665016,0
756,1.3030445728845397,0.4565207681123715,1
757,-0.7356183837272663,-2.6042642811542613,0
758,1.0036482138872307,-2.0725399963403293,1
759,-1.0310481890429037,-2.9980752911394255,0
760,-1.415372273060573,-2.4439246842582194,0
761,-0.8452632165288978,-0.3006813906632393,0
762,1.733384497195403,-1.9469598854783665,1
763,-0.09233308843967791,0.5825720893160844,0
764,1.2639762749471324,-0.5366139169210264,1
765,0.6224617503685617,-1.841466922139261,1
766,-0.9754307306357803,-2.061555515116397,0
767,-0.5796385851651,-0.9333961993575924,0
768,0.06406335056427648,-0.20949154454723862,0
769,0.21260023089782587,-0.5596005284191748,0
770,-1.7659070347295334,-2.735185370678631,0
771,0.9903611126731255,-0.5794298343864839,1
772,-1.3520983559230593,-1.0871615451893177,0
773,-1.4925842339770699,-0.8126749694355169,0
774,1.240202704725269,-0.7234639006438522,1
775,-0.9744270542975378,-0.9282437712464566,0
776,-0.8609755419103211,0.024999092396994493,0
777,-0.15766241105702083,-0.8156916962573408,0
778,0.42955868858109036,-0.6208902050313287,1
779,-1.525101811042481,-2.4447395261327522,0
780,-0.8564637524601804,-0.9464644151371873,0
781,-1.031481515940882,0.18640490010702582,0
782,1.183082502243742,-1.9238608721657378,1
783,0.7198807583588589,-0.7809900716836584,1
784,0.6114502180771979,0.511505576028213,0
785,1.5493569717041993,-0.869189339108735,1
786,-1.7761316111596084,-1.4433521799751439,0
787,-1.3369823292784284,0.23396628271692177,0
788,1.2304800078477123,-2.0185199374923313,1
789,-1.92824086436713,-0.001400651584072321,0
790,0.6642163898779032,-1.9421603791410385,1
791,-1.7317550060018096,-3.445437309328325,0
792,-1.9496606337791436,-2.851241339056002,0
793,1.1458990922895915,-0.8324689501709237,1
794,1.4160729189189507,-0.19155640333947,1
795,0.7366527544857338,-2.027739503051903,1
796,0.4545328385829236,0.004195154699814241,1
797,0.26485180881351267,0.4035384437524172,1
798,1.0235405279397731,-0.38660166298552856,1
799,-0.7498768571611965,-0.5224195812602634,0
800,1.0293564798782713,-1.2294962323208802,1
801,0.38576610217733254,-0.1467967437192944,1
802,-0.36406239665769724,0.22853399963021137,0
803,0.9216729736538816,-1.1804919326788117,1
804,0.5036540190907343,-0.08870615695893769,1
805,-1.6451750088598809,-1.0381107689792808,0
806,-0.6734241663382272,-0.5997540687162232,0
807,1.4986999871925626,-0.5057345606324399,1
808,-0.7773669923708724,-0.00796385565948976,0
809,1.2802811950550517,-1.0388351718456341,1
810,0.17500651090363406,-1.2153003146524761,0
811,-1.1364169413348575,0.6990938358620851,0
812,0.349916838561255,-0.6938531851432558,0
813,1.620995241663383,-0.6083639724673882,1
814,0.11098863909812118,-1.173410374360216,1
815,0.14742896534934002,0.8741212461739885,1
816,1.3041079450498918,-2.352197131931762,1
817,-1.2862172958479063,-1.5759512632016195,0
818,0.7023517377424351,-1.3348989238164894,1
819,1.4090571994613774,-1.959768538016152,1
820,-0.10712680106474681,-0.25589698169176955,1
821,-1.24967911833665,-1.3181701794271994,0
822,-0.9675180684932512,-0.12317736863698858,0
823,-0.6787312080800578,-0.028976945884582883,0
824,-1.958387068424933,-3.094239185759239,0
825,1.2248943130705308,-1.8703025994360374,1
826,-1.3110241239931608,-1.552078114717832,0
827,-0.6546252893195332,-2.4819093911983625,0
828,0.01961815396866573,-0.4599041222102147,0
829,-1.4010279586739105,-1.8780285290190832,0
830,0.07918835800910506,-0.617197055906189,1
831,1.0063501370152776,-0.6999837333461365,1
832,-2.196199928256238,-1.649717952999502,0
833,1.387310340441163,-0.7271298155594044,1
834,0.4940365377995414,-0.6017173278226302,1
835,0.7136681285723565,-0.7272620099794409,0
836,0.4221143414449706,0.3367741399815549,1
837,0.19428233703163378,-0.26573629246695296,1
838,1.2136174416505061,-0.6085004693757948,1
839,-1.2223634088417286,0.26392859574324734,0
840,1.773613601996546,-1.143202174873581,1
841,-0.004970399586015306,0.09748287152183299,1
842,1.513616608971783,-0.6943159156639515,1
843,-0.36292312437069185,0.3100971201186118,0
844,-1.0841304995123635,-2.2201490068269543,0
845,0.9733134728536655,-0.42480360699134123,1
846,-1.1649182354786467,-1.4699924313206507,0
847,1.5811076597213876,-1.4202964899482315,0
848,0.9526424475448432,-1.4794323386780042,1
849,-0.5242648552660479,0.16471026242523634,0
850,0.5713986708037115,0.03545731705962929,1
851,1.3759192842045418,-0.5860860224268829,1
852,-0.9434333228357452,-1.467687811936427,0
853,-1.2186616405450676,-1.5209432033238404,0
854,1.0675910052096933,-0.8482639211908671,1
855,-0.17035020350042862,1.3866300497460986,0
856,1.1792193397336774,-1.7920086275368912,1
857,1.482971013343722,-0.637701033625492,1
858,-1.431678502232071,-0.10824389147860569,0
859,0.5426063760075197,-1.312045683378754,1
860,1.7562853996970849,-0.8921020507513802,1
861,-1.7103985243506772,-2.3562861691666295,0
862,-0.74086683998862,-0.3909044024521753,0
863,1.3178616126268095,-1.3233512105841083,1
864,-0.2993635480942298,-1.2864790085773279,0
865,-0.685333803694989,-0.20076419007247526,1
866,0.9457560312340333,-1.6348149750767722,1
867,-1.1286166035189786,-1.4335328551077506,0
868,1.424452503434001,-0.9911208309190055,1
869,0.1435405192387058,-0.4847330596802486,1
870,1.5685566685829526,-1.74729746518432,1
871,-0.9556645009168173,-0.5391386054264127,0
872,-0.9128652636914171,-0.7648116536190755,0
873,-0.43497896771121247,-0.3034375231389944,0
874,0.44735511923201965,-0.6110342948696595,1
875,1.0603926307383946,-1.663775172426051,1
876,0.5138632922021433,-1.1514611154734629,1
877,0.34587822368729215,-0.6452160003387022,1
878,1.5016309528003267,-1.0966957130846982,1
879,0.2749414125816386,-0.08216820365158917,1
880,-0.33322107306156923,-1.1833179126077522,0
881,1.2468138911800941,-0.789349294531863,1
882,-1.728947691557953,-0.051388077386858355,0
883,1.3102623196250285,-0.05637761525510432,1
884,1.143589510398572,-0.4409920770954372,1
885,-0.384138484970572,-0.33592030161753295,1
886,-0.633871806659071,-2.2365295359003525,0
887,-2.1488540539881273,-1.279645432216585,0
888,-1.3964330429718523,1.9447175871816755,0
889,-1.3983871402976686,-0.607963888422981,0
890,0.3545844644637597,-1.1182966955419429,1
891,0.6640746155925288,-0.5434384673395999,1
892,-0.40551680835799686,-1.0000088094425896,0
893,-1.2471998027647193,-1.485991649184554,0
894,-1.251088500128587,-0.5335628828845733,0
895,-1.5389825442611091,-1.9785905950332425,0
896,-0.5648169940319048,-1.6370600185453372,0
897,0.6903616179654928,-1.354474641174443,1
898,-1.074425344137134,0.0011877988278392593,0
899,2.0227320902101145,-1.4240360799362892,1
900,-1.2732297636485832,0.3174837591510571,0
901,0.16886766496735273,0.35336248291712646,1
902,-1.6753137864505052,-1.7873138339947077,0
903,-0.01104633200582561,-1.0673759137943026,1
904,1.2606023392064765,0.20236356671119315,1
905,0.6575073267512488,-0.22776124103356166,1
906,-1.0624468564656897,0.44049234401810256,0
907,0.9039803412321739,-0.2371458156767271,1
908,-0.81033654474593,-1.1841837825758292,0
909,1.46862670048366,-1.5494558232671505,1
910,0.3994026809582548,-0.6816049902839483,1
911,-0.8956054712435114,-0.5358492431617004,0
912,0.6953550613342039,0.9527071989443567,0
913,-1.346186346794581,0.028769232304797887,0
914,1.5329546320181424,0.6986116944260279,1
915,0.8578090346950038,-0.7099221763353071,1
916,0.9162685110069064,-0.6794151723421787,1
917,-0.8710080254077359,-0.24765994446340855,0
918,-1.037484554036452,-1.030244027935903,0
919,1.5957949169100238,-1.4897790106581001,1
920,0.1345886385650794,-1.365693078217936,1
921,0.42312543417698967,-0.8879185655945655,1
922,-1.4602857310564044,-2.310299191842522,0
923,1.3816516258385398,-0.8060319258293616,1
924,1.2037941979510616,-1.1293320943721001,1
925,0.7538632283659924,-1.7707544621058835,1
926,1.1796071379193271,-2.0612082320606033,1
927,-1.2032259998545822,-1.8168755543526265,0
928,-1.6117269748681413,-0.9488896200667101,0
929,-0.8879362703217023,-1.7498129357392072,0
930,2.5892489734271074,-1.3863840773893874,1
931,2.0507914517316204,-2.711999695245447,1
932,-0.11784814580366598,-1.0125711957910344,1
933,-0.8188572539612498,-1.0139410718540598,0
934,-0.7862310119211554,-0.5633323382148527,0
935,-0.44357585766987906,-0.8857840803854816,0
936,-0.9235295829392441,-0.8147595392906433,0
937,1.27873998000662,-1.4657171273170528,1
938,-0.6188949704762505,0.31490040978236644,0
939,-0.8131789713781472,0.3352695000449877,0
940,2.1834025511273185,-1.943253128520725,1
941,0.5198568809201292,0.037011735935757795,1
942,2.4844633859807033,-2.336906384229817,1
943,-0.36338521310866523,0.9331423121646736,0
944,-1.166514358789985,-0.6628154745694563,0
945,-1.354167534339695,-1.086422382151774,0
946,-1.582781532526261,-2.092758146789521,0
947,-0.5360949598238092,1.2282484624730703,0
948,1.2199197427846955,-1.1404318101999729,1
949,0.7871858878618052,-0.6639830540554765,1
950,-0.7187872308035829,-1.4740011945609128,0
951,-1.3051647359868477,-1.447650136103346,0
952,1.442530174560051,-2.264510524924642,1
953,-1.559370542703741,-1.0706840109111713,0
954,0.3723264620520714,-0.9808459900176285,1
955,0.6215050599516292,-1.1001331835966792,1
956,0.3132799646457486,-0.7747000772428044,1
957,1.1370960267250199,-1.7489075060000787,1
958,-1.8365088077684821,-2.3417525362677294,0
959,0.45098346396485,0.31686764809416346,1
960,1.0174818374452952,-1.8264433459633498,1
961,0.9293721457765158,-0.8476400512567812,1
962,-1.0561459954943488,0.4641662480291877,0
963,0.808435258939449,-1.196519087870275,1
964,1.0962834758550386,-0.4644227741071093,1
965,0.10836051271205405,1.2449383745201064,1
966,-1.0244968844033684,-1.9188753691483669,0
967,-1.4640968714386164,-1.8209625141804098,0
968,-0.5555339301927976,0.5611082467983757,0
969,0.1191958679680406,-1.3692514481063602,1
970,1.7568853243879008,-0.9635074620998112,1
971,-1.8608128735276108,-1.907281041901601,0
972,0.7894996620510049,-1.7252033583604365,1
973,1.5184494242123607,-1.1680394238769087,1
974,-0.035216355434280255,0.5712659329597936,0
975,-1.4559958277538363,-1.9528151050702856,0
976,0.98628315956968,-0.2945223941691154,1
977,2.170012076112791,-1.7617834163187611,1
978,0.9730162810806247,-0.32842314674905515,1
979,-1.4489555752370153,-0.01660217482766313,0
980,0.692290165295856,-1.063636011139435,1
981,-1.7120326201437772,-1.934561961930181,0
982,-0.2073182792987429,-0.15883809833435103,1
983,-0.08548901152633492,-1.8951245988539644,0
984,0.1786222265946641,-0.3275066846932819,1
985,-0.8334123982527935,-1.6088647662459092,0
986,1.6873229550367135,-1.2919166709112135,1
987,1.428434103318342,-1.5262264763204312,1
988,2.0793146029633327,-0.4632264251797692,1
989,-0.6728134936868706,-0.7431037161225199,0
990,1.3338918394941877,-1.3229309330927486,1
991,0.8210365227215033,-0.7946685637223174,1
992,-1.0817893662130917,-0.7492815435683745,0
993,0.8219795259893431,-0.16221791382160167,1
994,0.8062577216309338,-0.36650524974298426,1
995,-1.0901954375178873,-1.2789525633244443,0
996,-0.25342217869139316,-0.7525154870113119,0
997,0.9127419904536572,-1.1159760912092795,1
998,-1.3399665606763702,-3.0714478849780376,0
999,0.5344445255158425,0.08019675668016779,1
