ID,Sand_%,Clay_%,Silt_%,pH,EC_mS/cm,O.M._%,CACO3_%,N_NO3_ppm,P_ppm,K_ppm ,Mg_ppm,Fe_ppm,Zn_ppm,Mn_ppm,Cu_ppm,B_ppm
1,42,38,20,5.162,0.274,3.783414,0,14.462366,18.60884,147,1115,91.32,0.894,27.06,1.768,0.4
2,54,26,20,6.071,0.355,1.451688,0,14.587814,32.742137,180,1055,60.04,3.66,17.58,1.684,0.41
3,28,36,36,6.921,0.675,1.767599,0.4,14.910394,19.024525,183,1215,61.24,3.06,18,1.84,0.46
4,58,20,22,7.704,0.355,0.718322,6.8,4.21147,6.276846,116,327,19.54,1.64,5.04,0.844,0.5
5,33.2,41.2,25.6,7.609,0.392,0.996625,4.39,6.111111,6.55397,228,939,25.84,0.18,7.16,1.216,0.4
6,29.2,46.8,24,6.504,0.349,0.943973,0,6.021505,14.313427,231,3110,69.25,0.274,15.54,2.122,0.42
7,37.2,34.8,28,6.466,0.975,2.358052,0,35.555556,14.451988,183,1215,108,0.318,38.28,1.634,0.46
8,26.8,47.2,26,5.696,0.21,1.703664,0,4.784946,12.096439,270,1047,97,0.334,24.6,1.442,0.39
9,29.2,44.8,26,6.056,0.266,2.200096,0,3.512545,10.018013,210,1155,62.14,0.498,32.16,1.166,0.45
10,31.2,32.8,36,7.551,0.483,2.467117,8.71,9.032258,4.891229,159,538,22.42,0.158,4.96,0.67,0.4
11,29.6,44.8,25.6,7.502,0.445,2.737898,6.95,6.702509,5.584038,375,1085,45.4,0.3,10.26,1.294,0.42
12,43.2,26.8,30,6.627,0.774,1.711186,0,5.681004,14.174865,126,462,87.45,0.566,43.32,1.588,0.39
13,47.2,28.8,24,6.881,0.72,1.353905,0.4,4.354839,5.584038,150,1160,62.96,0.328,15.22,1.51,0.41
14,51.6,20.8,27.6,7.794,0.448,1.06432,15.67,4.21147,2.674241,104,213,19.76,0.12,4.384,0.818,0.43
15,42,24,34,7.95,0.397,1.45,34.5,2.91,15.07,169,546,13.81,0.4,4.03,0.65,0.13
16,18,38,44,7.85,0.517,2.38,21,2.55,16.53,334,675,19.61,0.35,10.09,1.3,0.1
17,22,42,36,7.76,0.58,2.04,21.3,1.06,15.97,245,823,12.29,0.25,9.52,1.04,0.17
18,32,36,32,7.79,0.536,2.35,24.8,2.16,14.12,287,679,15.21,0.26,10.13,0.87,0.12
19,32,18,50,7.76,0.604,2.4,6.5,11.36,37,164,359,25.05,0.71,7.46,1.31,0.18
20,32,22,46,7.44,0.541,1.62,3,2.69,8.13,129,537,39.11,0.49,7.5,1.48,0.11
21,42,20,38,7.89,0.545,1.56,3.8,9.2,10.17,151,299,21.08,0.67,6.51,0.99,0.17
22,28,42,30,7.75,0.473,1.47,7.3,2.47,7.78,282,954,23.21,0.19,7.84,7.21,0.16
23,14,58,28,7.53,0.474,1.65,2.8,4.05,10.74,517,1414,32.73,0.45,16.45,2.58,0.1
24,26,38,36,8.03,0.4,1.54,14.3,3.39,1.69,255,560,18.93,0.19,10.36,1.33,0.14
25,14,58,28,7.21,0.515,1.43,2.8,2.29,8.55,402,1814,49.18,0.44,20.68,2.64,0.37
26,42,36,22,7.15,0.415,1.59,1.8,2.16,46.89,477,1817,39.74,0.69,21.35,3.84,0.25
27,24,52,24,7.73,0.491,1.95,4,0.88,8.38,364,1624,31.46,0.39,11.09,2.26,0.13
28,34,40,26,5.92,0.269,2.33,0,1.14,7.08,168,1853,71.33,0.4,51.65,1.63,0.44
29,18,44,38,7.69,0.639,2.57,21.5,1.23,4.08,347,1169,31.02,0.48,11.2,3.11,0.53
30,26,28,46,7.6,0.604,2.1,34.5,0.48,3.28,374,795,18.68,0.5,7.14,1.2,0.51
31,36,22,42,8.01,0.396,1.95,18,2.86,3.18,154,381,14.89,0.32,7.1,1.25,0.49
32,32,22,46,7.95,0.413,2.52,23.3,2.77,4.02,196,414,22.18,0.53,7.53,1.43,0.4
33,34,40,26,6.15,0.299,2.05,0,8.72,11.97,197,1819,79.1,0.71,36.35,2.45,0.71
34,36,36,28,5.69,0.174,1.8,0,1.45,8.1,148,1713,74.26,0.45,44,1.79,0.89
35,40,28,32,7.86,0.423,1.69,2.8,5.81,7.27,210,596,14.53,0.7,9.32,1.37,0.28
36,52,16,32,8.07,0.49,2.06,13.8,8.28,7.18,246,430,10.96,2.07,5.93,0.92,0.2
37,26,42,32,7.81,0.386,1.81,4,6.56,4.65,273,366,13.52,0.68,8.22,1.17,0.14
38,40,26,34,7.8,0.37,1.52,4.8,4.27,7.76,184,550,19.01,0.55,9.13,1.05,0.1
39,30,44,26,6.62,0.285,1.77,0,3.7,8.63,156,1320,29.46,0.65,21.06,1.62,0.32
40,16,44,40,7.22,0.42,1.76,1.8,3.08,7.86,221,1130,39.37,0.76,17.7,1.97,0.16
41,34,30,36,7.84,0.448,4.62,10.8,14.4,59.29,1208,418,13.25,3.06,8.87,3.9,0.44
42,14,40,46,8.05,0.336,1.3,39.3,3.83,3.28,97,843,20.77,0.58,4.36,0.85,0.1
43,12,54,34,7.8,0.425,2.02,20.3,3.96,4.14,274,760,33.05,0.98,10,1.42,0.1
44,18,44,38,7.79,0.611,2.25,33,4.49,14.16,361,393,19.6,0.85,18,1.59,0.38
45,22,32,46,7.96,0.411,2.02,42,4.98,14.39,694,484,14.12,1.27,3.9,1.69,0.47
46,22,38,40,7.88,0.538,2.41,34,4.58,11.04,795,647,23.59,0.7,8.31,8.01,0.3
47,26,34,40,7.89,0.46,1.98,41.8,4.4,9.78,570,604,13.02,0.8,3.53,0.87,0.4
48,38,28,34,8.12,0.414,1.91,41.3,5.06,7.87,306,521,21.96,0.98,4.31,1.58,0.12
49,14,34,52,7.93,0.417,1.95,41,5.5,20.09,392,507,16.5,1.53,3.53,2.11,0.17
50,16,52,32,7.79,0.429,2.85,16.3,7.88,6.29,332,529,26.61,0.85,9.63,2.02,0.41
51,34,30,36,6.17,0.415,2.46,0,3.65,56.84,228,379,133.08,1.47,48.48,2.78,0.41
52,36,28,36,6.69,0.578,1.92,0,2.86,56.86,160,409,138.5,1.28,33.88,3.04,0.35
53,30,28,42,5.11,0.142,1.9,0,1.89,16.66,74,98,49.41,1.51,189.21,1.4,0.69
54,28,34,38,5.34,0.17,1.98,0,4.36,11.94,89,380,51.77,1,120.84,1.56,0.52
55,10,34,56,7.79,0.291,1.37,24.3,4.67,3.01,160,120,13.08,0.69,5.02,1.67,0.1
56,26,30,44,7.99,0.406,1.89,17.3,8.98,3.19,174,117,9.53,0.74,7.4,1.48,0.12
57,24,30,46,8.08,0.464,1.99,26.5,6.74,2.61,128,123,11.85,0.8,8.32,1.68,0.12
58,10,48,42,7.84,0.405,2.34,27.3,10,2.19,330,383,35.38,0.69,18.3,2.56,0.13
59,16,32,52,7.9,0.499,1.37,10,8.85,3.68,317,132,18.8,1.03,13.33,2.73,0.14
60,34,24,42,7.98,0.443,1.89,19.8,9.03,3.89,249,99,11.19,0.89,10.85,1.11,0.1
61,22,24,54,7.97,0.414,1.99,32.8,10.7,2.34,146,117,12.23,0.56,6.72,0.83,0.11
62,14,44,42,7.84,0.378,2.34,15.3,11.27,12.09,518,302,18.82,1.49,15.54,2.48,0.18
63,36,24,40,6.4,0.566,1.38,0,3.79,4.94,100,416,60.01,0.71,32.01,1.55,0.12
64,48,18,34,5.89,0.163,1.55,0,3.3,8.29,80,252,86.26,0.82,35.42,1.47,1.22
65,48,16,36,5.54,0.134,0.96,0,3.39,8.06,118,254,74.56,0.71,25.39,1.63,1.43
66,30,26,44,6.21,0.399,1.81,0,3.35,4.75,119,502,70.5,0.87,38.43,1.95,0.31
67,38,24,38,6.18,0.152,1.04,0,0.84,18.49,196,320,95.77,0.8,23.94,4.22,0.51
68,32,32,36,6.99,0.565,1.75,3.2,2.51,6.3,205,322,32.67,0.92,21.33,2.56,0.1
69,30,28,42,7.67,0.482,2.51,41.8,14.05,8.55,549,376,13.21,1.27,8.23,4.83,0.17
70,30,26,44,7.83,0.438,2.06,12.3,8.06,4.66,180,217,11.67,1.34,8.71,4.55,0.32
71,24,34,42,7.83,0.501,2.03,17.5,4.54,2.74,203,310,13.07,1.12,8.89,3.1,0.11
72,20,32,48,7.85,0.517,2.36,13,3.52,4.88,237,135,11.57,1.21,10.85,4.8,0.22
73,62,22,16,7.37,0.497,0.98,0,7.27,4.29,115,1018,15,0.83,16.9,1.98,0.12
74,48,24,28,8.16,0.366,0.54,15.5,5.11,5.46,266,311,8.44,0.7,9.1,2.82,0.16
75,26,42,32,7.77,0.379,2.06,5.5,7.22,9.08,303,606,16.96,0.6,15.28,1.97,0.18
76,24,50,26,8.02,0.425,1.18,22.5,19.81,4.1,221,988,13.05,0.61,7.5,0.71,0.11
77,28,50,22,8.12,0.383,1.48,10.8,1.63,2.95,269,1883,20.81,0.58,16.36,1.75,0.25
78,38,34,28,6.34,0.455,1.73,0,5.59,8.28,150,1125,65.27,0.9,14.43,1.81,0.55
79,48,22,30,7.63,0.366,1.17,5.3,1.94,5.85,138,642,17.64,0.81,11.27,1.01,0.13
80,40,22,38,8.02,0.316,1.01,14.5,3.48,2.84,146,439,15.7,0.49,9.13,1,0.1
81,38,26,36,7.95,0.302,0.86,7,3.87,8.43,114,753,14.85,0.62,9.34,0.88,0.11
82,34,32,34,7.14,0.473,1.32,3.8,4.01,9.05,169,1687,42.88,0.94,20.68,1.57,0.22
83,42,26,32,7.83,0.313,0.68,7.5,2.73,6.19,112,787,16.06,0.74,9.88,1.07,0.14
84,46,24,30,7.52,0.416,0.8,3.8,0.18,4.4,127,835,20.75,0.76,14.79,1.1,0.18
85,36,26,38,8.09,0.31,0.89,10.3,3.83,4.84,126,958,13.16,1.04,6.59,0.97,0.1
86,42,22,36,8.02,0.33,1.32,10.8,6.16,9.11,98,485,13.4,0.7,8.03,0.73,0.1
87,44,24,32,7.97,0.311,1.25,8,0.66,9.42,94,781,15.63,0.77,8.89,0.93,0.32
88,42,26,32,7.63,0.31,1.39,5,0.31,10.12,151,953,27.08,0.69,9.61,1.23,0.19
89,34,28,38,8.14,0.581,3.09,3.2,12.81,4.01,103,650,33.34,0.78,19.44,2.92,0.79
90,44,24,32,7.44,0.452,1.9,19.5,4.89,6.71,202,653,21.31,0.29,15.84,1.86,0.1
91,34,36,30,6.7,0.499,1.86,0,1.36,9.87,189,1112,38.2,0.33,18.39,6.36,0.16
92,34,32,34,7.23,0.535,1.86,5.8,2.69,9.69,227,813,25.33,0.39,14.62,5.88,0.14
93,30,26,44,7.87,0.536,2.39,40.3,6.34,7.65,333,335,11.52,0.24,4.67,1.03,0.44
94,16,40,44,7.89,0.418,2.51,34.3,5.5,9.3,698,524,15.44,0.26,6.08,1.96,0.56
95,44,20,36,8.07,0.388,2.3,28.5,7.79,20.42,465,416,15.03,0.93,4.25,1.52,0.38
96,14,42,44,7.93,0.386,2.33,34.5,6.34,5.3,334,525,11.03,0.25,5.68,1.52,0.58
97,40,20,40,8.12,0.405,1.22,10,2.47,4.46,117,177,10.86,0.18,4.42,0.64,0.48
98,18,40,42,7.84,0.583,2.44,23,0.18,4.28,400,385,19.64,0.31,10.09,6.6,0.36
99,38,28,34,7.88,0.966,2.05,34.5,8.76,10.76,161,579,10.32,0.16,5.51,0.74,0.31
100,10,58,32,7.89,0.407,2.45,18.8,6.78,6.29,407,1043,22.18,0.25,8.71,1.96,0.22
101,34,30,36,5.58,0.434,2.24,0,1.5,9,130,691,98.06,0.66,12.3,1.41,0.46
102,42,28,30,7.82,0.375,1.84,33.5,5.72,3.58,156,374,11.65,0.9,5.24,1.36,0.21
103,22,44,34,7.05,0.396,1.9,30.8,15.41,9.77,302,505,29.01,0.23,7.05,2.19,0.46
104,20,38,42,7.15,0.516,2.77,33.5,10.22,14.71,463,477,24.25,0.36,5.04,1.96,0.55
105,28,38,34,6.36,0.717,1.95,0,5.15,30.19,297,1230,53.32,0.52,16.02,2.13,0.23
106,28,36,36,7.5,0.474,2.96,39.8,9.51,28.01,728,478,14.78,0.28,4.13,0.92,0.35
107,34,24,42,7.38,0.542,2.83,40.5,4.32,18.32,450,587,16.13,0.7,3.31,14.75,0.47
108,16,44,40,7.52,0.463,2.88,27,11.4,16.35,319,652,31.95,0.25,7.07,1.43,0.45
109,30,30,40,7.6,0.404,2.99,42,12.02,15.54,299,325,23.09,0.69,4.8,4.46,0.51
110,10,38,52,7.89,0.413,2.93,39.8,17.22,12.17,688,364,7.29,0.59,4.92,5.08,0.5
111,24,38,38,7.85,0.55,3.26,35,20.47,10.86,1091,545,7.42,0.65,4.36,3,0.64
112,14,44,42,7.43,0.552,3.28,34,6.47,34.41,386,582,29.85,0.47,10.98,1.8,0.58
113,16,48,36,7.57,0.489,3.29,28.8,6.52,10.11,498,828,24,0.89,4.86,2.85,0.52
114,36,32,32,7.58,0.422,2.34,41.8,8.1,20.09,268,640,21.73,0.3,4.05,1.9,0.56
115,20,44,36,7.51,1.098,2.64,40.8,57.77,6.13,325,548,21.79,0.37,5,1.17,0.51
116,18,44,38,7.67,0.433,2.34,28.8,13.21,12.85,781,621,18.17,0.8,6.74,1.78,0.53
117,24,24,52,7.69,0.613,2.56,26,11.18,14.39,481,280,18.47,0.83,6.93,1.22,0.36
118,40,22,38,7.01,0.366,1.51,0,4.62,13.17,231,586,32.17,1.22,18.23,1.03,0.54
119,28,32,40,7.37,0.45,2.58,0,16.29,33.91,376,223,26.51,2.93,28.9,3.46,0.37
120,32,30,38,7.38,0.415,3.09,0.5,11.36,41.73,286,191,25.04,1.59,36.34,3.59,0.27
121,54,10,36,7,0.747,2.23,0,13.39,5.67,91,152,13.84,0.48,6.44,0.46,0.34
122,26,42,32,7.17,0.451,2.23,0.3,2.42,15.09,235,1846,43.94,0.75,13.83,1.45,0.25
123,22,48,30,5.56,0.281,1.74,0,2.38,13.87,267,1494,75.35,0.92,10.21,1.27,0.4
124,26,42,32,5.29,0.259,2.4,0,4.32,17.54,166,1938,109.36,0.6,53.27,2.66,0.48
125,32,36,32,5.87,0.356,4.07,0,2.25,4.36,160,1250,97.02,0.62,52.76,1.85,0.42
126,22,52,26,6.25,0.287,2.21,0,7,19.82,289,2854,87.4,0.65,45.16,2.04,0.45
127,22,52,26,6.45,0.643,2.2,0,6.78,16.79,220,2736,78.42,0.55,42.14,2.25,0.35
128,26,48,26,6.54,0.544,2.31,0,6.21,13.4,185,2499,98.45,0.62,28.97,2.97,0.3
129,22,40,38,7.5,0.432,2.54,6.3,8.15,9.31,376,561,37.51,0.39,11.16,1.88,0.3
130,24,44,32,7.38,0.482,1.67,8.3,9.11,10.56,409,1143,37.08,0.36,13.02,2.08,0.3
131,46,28,26,8,0.402,1.51,7.3,5.28,7.16,205,416,20.35,0.27,7.3,1.14,0.29
132,44,30,26,7.57,0.451,1.59,1.8,5.2,16.47,236,1254,32.31,0.47,15.19,2.13,0.34
133,42,30,28,7.83,0.427,1.96,7.8,4.32,10.18,439,602,27.54,0.36,11.41,1.76,0.25
134,40,22,38,7.85,0.749,3.5,14.8,35.48,80.66,831,772,20.3,2.94,9.15,1.48,0.67
135,48,28,24,7.69,0.471,1.8,0,8.28,15.96,382,715,32.93,0.77,14.96,2.57,0.52
136,34,38,28,7.99,0.42,2.52,28.3,3.08,16.05,364,268,21.82,1.41,13.03,8.21,0.46
137,30,44,26,7.94,0.393,2.99,12.8,7.13,8.66,358,286,21.79,0.53,12.94,1.83,0.4
138,20,42,38,7.95,0.516,2.06,12.5,5.86,7.32,469,384,26.21,0.56,10.88,1.82,0.43
139,34,24,42,5.79,0.243,1.46,0,5.55,14.59,133,232,59.31,0.78,34.67,1.32,0.58
140,36,22,42,6.78,0.541,1.81,0,6.65,26.77,116,229,49.42,1.28,10.42,2.64,0.24
141,56,22,22,7.71,0.525,2.61,3.8,9.42,13.34,160,277,14.65,0.65,8.52,0.86,0.22
142,48,32,20,6.77,0.68,1.58,0,2.42,13.55,207,405,28.09,0.77,17.48,2.62,0.44
143,34,24,42,7.07,0.515,1.59,0,7.18,15,142,222,40.18,0.92,12.24,1.27,0.33
144,32,36,32,5.59,0.419,1.4,0,3.61,22.99,219,584,57.03,0.97,23.09,4.95,0.59
145,22,38,40,7.93,0.366,2.26,34.5,6.87,10.24,193,540,18.65,0.46,4.32,1.05,0.28
146,16,44,40,7.8,1.26,2.72,9.5,14.05,22.26,479,448,26.19,0.53,10.09,1.29,0.33
147,22,32,46,8.01,0.449,2.77,17.5,8.32,16.49,363,398,18.48,1.01,6.25,4.46,0.44
148,38,20,42,8.15,0.343,0.9,41.3,3.87,10.72,102,107,7.24,0.26,2.62,0.21,0.35
149,36,20,44,7.99,0.402,1.99,30,5.94,9.49,174,428,13.96,0.25,2.77,0.84,0.44
150,30,30,40,8.04,0.412,1.95,22.3,3.87,3.86,282,446,15.86,0.34,6.26,0.91,0.48
151,28,28,44,7.95,0.52,2.84,24.5,12.9,18.02,1190,502,14.51,0.73,5.54,2.31,0.76
152,10,32,58,7.98,0.42,3.26,42,9.91,22.46,427,331,11.32,0.69,4.15,12.61,0.49
153,10,40,50,7.96,0.425,3.66,39.8,12.81,15.46,536,402,17.11,0.7,5.37,3.13,0.53
154,16,24,60,8.1,0.458,3.34,33.3,9.42,17.76,347,263,13.7,1.17,10.15,2.71,0.7
155,22,28,50,8.13,0.304,1.3,29.8,3.48,3.74,140,293,13.35,0.29,2.59,1.36,0.39
156,26,30,44,8.1,0.441,2.31,42,6.87,12.06,248,224,9.77,0.93,4.56,6.71,0.46
157,22,46,32,7.89,0.455,2.65,9.8,5.2,17.96,748,257,12.13,0.55,11.8,1.8,0.54
158,24,36,40,7.998,0.275,2.41,25.8,10.52,13.36,972,185,9.88,0.89,6.83,10.91,0.51
159,38,24,38,7.96,0.524,2.38,18.3,12.55,7.18,561,143,7.42,1.52,5.88,3.09,0.47
160,28,26,46,8.06,0.496,3.02,29.3,13.39,8.25,243,157,12.12,0.67,8.51,1.16,0.159
161,30,34,36,8.05,0.391,2.94,41.5,7.44,13.24,214,94,11.54,0.32,9.06,0.9,0.137
162,26,24,50,8.16,0.403,2.23,19.5,10.88,8.22,138,165,11.56,0.56,4.96,0.82,0.111
163,28,16,56,8.14,0.372,1.8,40.5,8.01,7.42,72,98,8.01,0.29,2.78,0.7,0.1
164,24,52,24,5.753,0.35,2.05,0,6.69,16.61,180,222,22.5,0.46,93.3,1.73,0.45
165,28,28,44,7.96,0.483,3.16,25.5,7.57,10.97,248,365,13.92,1.06,10.59,1.5,0.44
166,16,50,34,7.88,0.377,2.39,10.5,9.95,6.61,517,321,19.87,0.35,8.54,1.42,0.25
167,14,48,38,8.2,0.307,1.33,24.8,7.93,7.42,313,208,18.94,0.29,5.43,0.96,0.15
168,26,52,22,6.3,0.56,3.45,0,11.71,21.74,243,2062,90.77,0.7,36.06,2.99,0.67
169,30,46,24,5.85,0.224,2.75,0,4.84,23.57,179,1391,78.82,0.65,35.72,3.44,1.16
170,30,46,24,6.28,0.272,2.52,0,4.58,25.28,258,2527,106.18,0.74,20.87,2.76,0.67
171,24,50,26,6.65,0.477,2.98,0,9.2,8.56,216,1479,65.7,0.78,30.92,4.2,0.39
172,18,56,26,6.88,0.261,2.33,2.8,6.65,8.02,235,2118,50.05,0.82,25.71,4.36,0.29
173,58,12,30,7.95,0.417,1.73,4.3,12.02,11.23,67,125,6.6,0.36,5.51,0.46,0.21
174,26,56,18,6.69,0.6,1.91,0,5.59,9.09,265,2177,52.9,0.42,26.37,2.88,0.22
175,20,52,28,7.94,0.689,3.16,22,10.61,5.54,501,731,25.94,0.98,13.33,1.37,0.23
176,30,44,26,8.02,0.395,2.75,18.5,6.96,11.74,422,1010,26.87,0.69,7.72,1.36,0.28
177,34,44,22,7.94,0.451,4.78,17.3,20.12,142.1,1420,1272,18.97,1.38,8.51,1.56,0.41
178,20,56,24,8.03,0.344,2.69,20,10.44,12.19,488,690,24.5,0.47,9.34,1.41,0.17
179,24,50,26,7.9,0.408,2.66,21.5,11.67,5.28,560,496,33.61,0.39,11.74,1.35,0.3
180,24,56,20,7.05,0.378,1.69,6.5,11.49322,1.71,298,3598,38.61,0.24,10.84,1.12,0.61
181,26,54,20,6.8,0.359,2.04,0,6.737872,7.02,182,3468,50.69,0.44,15.57,1.05,0.54
182,30,50,20,6.65,0.303,2.17,0,7.221084,4.41,215,3516,47.41,0.28,11.89,0.69,0.41
183,20,58,22,6.6,0.241,1.85,0,11.800308,5.08,317,3857,54.96,0.4,11.86,1.16,0.5
184,22,56,22,6.29,0.332,1.91,0,8.982324,1.59,218,3545,44.47,0.62,11.62,0.75,0.35
185,30,50,20,6.88,0.394,2.48,6.5,19.682986,4.37,148,3597,33.2,0.56,8.91,0.76,0.53
186,28,48,24,6.69,0.285,2.73,0,7.002058,4.14,222,3327,50.61,0.43,12.12,0.89,0.77
187,38,40,22,6.87,0.308,2.77,5.5,7.221084,4.86,217,2541,61.65,0.32,19.05,1.11,0.38
188,28,54,18,6.83,0.503,1.96,6.8,6.297562,7.95,214,3576,37.2,0.3,9.52,0.9,0.37
189,40,34,26,7.13,0.224,1.66,6,4.315038,7.54,165,2649,33.73,0.57,5.99,0.45,0.18
190,36,40,24,7.82,0.246,1.57,5.8,4.624384,7.39,198,2662,26.06,0.23,5.76,0.46,0.12
191,34,44,22,7.77,0.273,2.01,5.3,4.800508,6,163,3027,34.91,0.45,6.63,0.58,0.17
192,30,50,20,7.38,0.376,1.76,5.3,4.184074,11.18,218,3374,20.65,0.24,9.61,0.69,0.15
193,28,50,22,6.99,0.386,2.55,3.8,23.557714,6.2,211,3302,28.7,0.3,6.36,0.64,0.16
194,40,40,20,6.97,0.274,1.93,6,12.945114,5.52,252,2627,25.84,0.2,6.66,0.48,0.26
195,36,38,26,7.52,0.299,1.87,5.3,5.635968,3.01,168,2560,25.09,0.32,6.65,0.48,0.15
196,40,38,22,7.33,0.228,1.68,11.3,11.845468,2.55,155,2468,22.39,0.27,6.62,0.37,0.12
197,40,38,22,7.44,0.259,1.7,7,4.800508,5.58,183,2807,25.17,0.23,6.48,0.58,0.43
198,52,30,18,7.89,0.232,1.53,7.5,4.00795,4.33,185,2493,25.76,0.31,5.93,0.43,0.26
199,40,36,24,7.2,0.276,2.14,6,4.491162,1.07,147,2547,37.36,0.36,7.15,0.48,0.24
200,26,40,34,7.13,0.502,3.3,3.8,16.027284,63.96,521,676,63.39,1.41,8.1,5.73,0.14
201,30,38,32,7.4,0.561,2.54,8.5,13.870894,14.69,304,599,18.85,0.61,5.92,3.07,0.19
202,34,34,32,7.39,0.53,1.89,1.3,8.058802,8.2,174,647,30.02,0.69,7.39,2.81,0.11
203,22,38,40,7.77,0.408,1.41,8.3,9.070386,4.05,212,574,17.1,0.6,4.72,1,0.1
204,34,36,30,7.73,0.332,1.63,5.5,5.240818,3.38,282,124,11.84,0.23,5.58,0.86,0.1
205,26,40,34,7.71,0.586,1.55,8,17.436276,3.75,183,212,8.93,0.28,3.63,33.91,0.11
206,36,30,34,7.79,0.384,1.73,6,10.348414,14.23,326,160,8.92,0.4,5.19,1.3,0.12
207,16,52,32,7.48,0.398,2.62,9,5.857252,22.63,467,271,18.3,0.38,5.09,1.34,0.15
208,20,44,36,7.7,0.351,1.72,15,5.857252,8.25,262,178,12.35,0.33,4.71,1.14,0.17
209,24,36,40,7.99,0.325,1.8,26,4.931472,8.35,186,147,8.13,0.27,3.25,0.65,0.15
210,30,36,34,7.71,0.364,1.92,19.3,7.92558,8.32,273,220,9.67,0.58,4.43,0.84,0.13
211,20,34,46,7.81,0.408,1.63,33.8,4.579224,7.11,260,478,8.53,1.33,3.46,2.59,0.17
212,20,34,46,7.82,0.665,3.1,33.5,7.573332,16.86,481,374,9.24,1.41,3.5,5.02,0.14
213,16,46,38,8.08,0.4,2.45,19.5,8.542014,18.56,327,437,18.91,0.36,5.75,1.98,0.22
214,44,32,24,8.02,0.451,1.36,8.5,14.047018,4.29,187,193,11.26,0.27,4.87,0.74,0.28
215,28,42,30,8.01,0.464,1.15,21,17.084028,4.75,201,531,9.57,0.25,3.42,0.74,0.26
216,40,32,28,7.98,0.457,1.65,11.8,14.751514,33.11,209,350,14.75,1.17,4.34,1.01,0.37
217,28,44,28,8.1,0.328,2,10.8,8.630076,3.58,213,701,15.96,0.25,5.52,0.94,0.21
218,38,28,34,8.09,0.343,1.21,34.5,6.561748,3.07,123,531,14.81,0.1,2.53,0.62,0.15
219,36,32,32,7.98,0.359,1.3,33,1.982524,3.73,206,654,13.32,0.32,6.37,0.74,0.14
220,24,36,40,8.02,0.52,2.04,19.3,2.598958,15.18,362,462,13.86,0.38,13.72,1.62,0.19
221,44,28,28,8.02,0.425,1.39,39.3,3.12733,3.62,143,465,9.57,0.28,2.39,0.58,0.15
222,28,32,40,7.87,0.83,1.4,34.5,30.42655,7.31,171,503,14.46,0.26,3.34,1.14,0.3
223,22,48,30,7.38,0.379,1.88,3.5,4.4031,5.9,256,937,26.55,0.5,10.03,1.39,0.25
224,26,46,28,7.49,0.497,2.5,3.2,4.360198,10.99,284,379,14.3,0.3,13.76,2.45,0.21
225,18,38,44,7.84,0.392,1.64,39.5,11.624184,11.61,174,389,9.14,0.21,3.36,0.82,0.19
226,28,28,44,7.84,0.35,1.38,14,6.076278,7.16,136,350,16.26,0.25,6.08,2.51,0.28
227,46,22,32,7.6,0.398,1.49,4,4.050852,23.73,131,373,11.42,0.29,2.91,1.18,0.52
228,36,26,38,7.45,0.394,1.45,5,4.624384,17.07,138,541,15.19,0.18,2.82,0.89,0.28
229,22,34,44,7.83,0.457,1.02,26.5,4.050852,5.31,161,216,11.32,0.2,6.72,0.78,0.34
230,22,50,28,7.7,0.44,1.96,38,2.289612,18.48,335,496,12.08,2.59,8.35,2.15,0.29
231,26,36,38,7.8,0.451,1.28,11.3,5.459844,7.95,188,167,8.55,0.44,7.37,1.5,0.21
232,20,38,42,7.91,0.352,2.15,40.5,9.467794,7.1,198,618,11.89,0.2,4.22,0.84,0.2
233,26,38,36,8.08,0.422,2.12,42,6.340464,10.93,203,693,18.62,0.18,6.31,0.88,0.25
234,18,44,38,7.8,0.438,2.51,33,7.002058,8.45,339,701,13.37,0.65,5.63,1.78,0.31
235,30,36,34,7.86,0.38,1.84,42,3.479578,16.55,370,569,11.82,0.22,4.53,1.72,0.29
236,22,36,42,7.8,0.563,2.13,42,13.958956,10.57,231,407,8.43,0.26,3.75,3.78,0.31
237,24,34,42,7.93,0.331,1.59,41.8,6.428526,9.39,289,533,12.7,0.21,5.06,1.61,0.4
238,24,28,48,7.85,0.684,2.35,22,7.27,19.4,664,304,6.88,1.39,2.38,3.38,0.62
239,12,40,48,7.74,0.562,3.57,39,6.516588,31.72,1348,553,11.5,0.51,6.53,5.54,0.81
240,22,46,32,7.78,0.511,2.26,27,10.524538,26.76,420,603,14.18,0.35,9.68,1.41,0.78
241,24,46,30,7.44,0.374,1.55,5.5,6.252402,9.15,251,695,24.22,0.21,10.98,1.24,0.25
242,38,26,36,6.32,0.313,1.62,2.3,5.416942,5.21,120,612,48.19,0.33,16.65,1.1,0.43
243,40,20,40,7.09,0.572,1.41,5.5,5.416942,9.74,139,426,41.7,0.28,8.64,0.99,0.3
244,24,36,40,7.77,0.523,2.37,31.8,10.524538,20.48,405,600,14.37,0.65,8.61,1.74,0.44
245,26,36,38,7.82,1.476,3.3,30.5,26.639884,65.05,1665,617,7.99,1.06,5.36,1.88,0.82
246,20,48,32,7.28,0.359,1.59,1.5,10.788724,7.99,293,610,20.74,0.61,12.04,1.27,0.2
247,16,46,38,7.78,0.531,2.81,27,9.334572,25.21,450,422,17.07,1.42,11.57,2.73,0.62
248,12,38,50,7.97,0.347,1.89,42,6.692712,5.86,272,385,15.78,0.97,7.59,11.43,0.2
249,30,26,44,7.83,0.358,1.65,34,5.28372,5,376,512,12.6,0.78,3.52,2.23,0.27
250,30,26,44,7.78,0.493,1.57,31.3,4.667286,2.36,128,352,14.35,0.92,5.48,0.74,0.19
251,26,32,42,7.94,0.352,1.85,22,4.536322,1.65,185,410,16.24,0.61,7.88,0.86,0.21
252,20,24,56,7.95,0.539,1.57,33,14.354106,16.06,165,179,7.52,1.5,5.19,7.71,0.31
253,20,32,48,7.84,0.314,1.98,34.5,5.72403,6.72,239,306,14.91,0.81,7.61,8.16,0.21
254,20,40,40,7.73,0.64,2.41,24,13.078336,12.12,373,442,16.69,0.82,10.08,3.07,1.4
255,22,38,40,7.54,0.738,2.51,32.5,4.712446,7.36,346,436,19.12,0.89,19.86,1.41,0.28
256,28,34,38,7.81,0.379,2.79,27,12.109654,2.25,245,441,13.74,0.73,6.91,1.08,0.33
257,28,34,38,7.84,0.584,2.93,22.5,23.864802,11.2,735,513,13.35,1.56,9.44,3.43,0.85
258,24,30,46,7.93,0.772,3.01,31.5,6.737872,6.27,260,300,9.26,1.64,10.52,2.55,1.9
259,14,36,50,7.84,0.504,2.67,42,6.780774,9.47,395,508,11.99,1.26,6.88,1.53,0.49
260,20,40,40,7.79,0.546,2.43,27,19.154614,6.03,190,503,18.85,1.01,8.74,1.25,0.28
261,16,36,48,7.8,0.952,1.57,42,46.67286,5.22,136,336,11.51,0.96,4.84,0.99,0.15
262,28,34,38,7.57,0.5,2.12,42,4.88857,4.04,166,403,8.09,0.12,3.92,0.97,0.21
263,22,44,34,7.8,0.398,2.57,33.5,7.133022,6.8,277,558,15.73,0.25,5.98,1.41,0.31
264,16,40,44,7.81,0.359,2.36,40.8,2.906046,28.18,425,466,12.32,0.35,4.91,5.65,0.29
265,16,42,42,7.84,0.344,1.46,38.3,3.96279,3.12,204,532,12.45,0.15,4.17,0.84,0.21
266,20,36,44,7.75,1.171,2.17,42,34.520304,7.46,161,413,8.27,0.18,3.75,1.16,0.32
267,26,38,36,7.55,0.599,3.07,7.5,17.041126,59.88,899,513,14.86,3.01,5.55,4.62,0.82
268,28,32,40,7.9,0.534,2.36,23.3,16.643718,4.7,203,400,11.08,0.18,4.49,0.93,0.1
269,32,30,38,7.95,0.432,2.39,27.8,10.260352,4.28,175,591,10.92,0.16,4.87,0.83,0.16
270,24,40,36,7.96,0.479,2.78,19.3,7.266244,7.67,315,967,17.73,0.37,6.39,3.26,0.24
271,28,32,40,7.77,1.129,3.12,29,61.24825,66.24,762,483,10.59,0.57,4.91,1.45,0.21
272,28,32,40,7.72,0.348,1.44,4.3,16.379532,7.31,282,330,17.09,1.19,8.05,3.8,0.52
273,26,36,38,7.8,0.394,1.59,34.5,9.29167,12.86,285,440,12.8,1.78,5.11,5.42,0.34
274,20,32,48,7.83,0.597,2.04,42,19.461702,14.42,547,361,9.09,0.71,3.88,8.2,0.25
275,32,30,38,8.08,0.678,3.48,34.5,23.77674,53.7,984,793,10.13,5.02,5.75,5.29,0.88
276,20,54,26,7.76,0.321,1.79,18.8,8.101704,4.55,345,759,18.62,0.25,8.35,1.11,0.11
277,14,52,34,7.84,0.765,2.43,21,52.44205,12.92,425,417,25.11,0.29,11.58,1.85,0.28
278,28,42,30,7.73,0.365,2.38,19.3,7.53043,10.4,507,904,22.04,0.86,10.3,2.31,0.25
279,20,52,28,7.57,0.835,2.72,19,18.581082,4.1,507,833,18.42,0.19,8.33,1.03,0.23
280,16,48,36,7.58,0.432,1.78,33.5,14.487328,6.6,190,729,15.21,0.24,5.46,1.09,0.24
281,22,30,48,7.6,0.563,1.74,42,20.035234,10.29,280,360,9.1,0.54,3.68,6.81,0.17
282,36,24,40,6.78,0.787,1.25,0,13.825734,24.84,332,385,41.21,1.79,16.9,6.38,1.77
283,44,14,42,5.65,1.672,1.49,0,47.905728,69.93,508,176,90.79,2.99,31.17,6.14,1.84
284,40,14,46,6.2,1.246,1.51,0,18.009808,25.8,166,235,76.43,2.92,17.38,7.65,0.76
285,42,28,30,6.26,0.492,1.38,0,4.226976,10.38,133,321,85.27,0.42,26.79,2.94,0.22
286,40,6,54,6.7,0.607,1.69,0,9.29167,36.42,252,486,67.31,1.16,19.68,3.76,0.27
287,48,22,30,5.91,0.553,1.95,0,20.606508,33.51,173,366,64.41,2.52,31.79,2.33,0.46
288,38,20,42,5.62,0.201,1.3,0,8.189766,9.71,81,309,75.0348,0.4887,20.807,1.98489,0.17
289,42,20,38,6.83,0.543,1.56,1.3,9.951006,72.41,530,361,27.5712,2.26051,7.0398,3.11462,0.4
290,44,12,44,7.16,0.395,1,0.3,6.780774,45.66,300,488,22.3615,5.88483,5.30538,2.75721,0.22
291,46,16,38,7.37,0.429,1.63,0.5,8.8062,58.84,218,374,24.1853,1.55992,6.20031,0.83554,0.22
292,42,18,40,6.66,0.676,1.37,0,11.88837,51.02,340,423,39.0425,2.66133,13.3821,3.09967,0.4
293,42,16,42,6.14,0.92,1.07,0,14.001858,25.94,255,328,31.023,0.68109,14.7019,1.69563,0.64
294,36,14,50,6.55,1.092,1.85,0,28.267902,38.29,282,335,24.6085,1.39214,5.68606,1.37518,0.3
295,22,42,36,7.56,0.324,2.19,1.5,12.549964,17.26,274,524,14.6592,0.49675,7.32198,1.30611,0.18
296,20,44,36,7.43,0.333,2,2.3,14.266044,8.78,228,684,14.8949,0.3127,8.47332,1.27241,0.1
297,24,36,40,6.42,0.541,1.92,0,10.479378,26.76,252,1046,32.1821,1.59449,12.0858,6.43053,0.38
298,24,34,42,6.99,0.543,1.27,4,10.919688,28.79,292,708,16.8806,1.11556,7.952,3.13107,0.41
299,30,32,38,6.41,0.249,1.59,0,7.882678,11.49,141,720,26.9808,0.53851,8.79328,1.6203,0.48
300,18,46,36,7.62,0.412,2.92,8.8,24.614458,18.06,307,795,15.8621,0.22701,7.6274,1.33273,0.26
301,18,36,46,7.54,0.502,3.6,42,12.857052,9.83,127,279,11.5293,0.28573,4.83087,1.18678,0.36
302,28,30,42,7.65,0.453,2.59,25.8,11.581282,8.83,454,427,10.2442,0.76893,5.55076,4.76563,0.39
303,28,32,40,7.64,0.446,3.09,30.5,9.598758,13.87,403,514,11.377,0.53885,5.89371,7.62534,0.27
304,18,38,44,7.62,0.527,2.41,37.3,20.915854,22.88,713,467,9.00639,0.82146,3.83471,9.62194,0.34
305,12,44,44,7.65,0.45,2.64,38.3,17.788524,20.63,1052,404,8.45767,0.70583,3.76812,10.7905,0.3
306,18,44,38,7.72,0.363,1.97,23.5,2.951206,20.67,335,579,5.8,0.16,2.81,1.79,0.38
307,30,38,32,7.86,0.334,2.15,25.8,2.729922,14.46,388,632,4.63,0.41,2.52,2.74,0.48
308,20,40,40,7.77,0.361,2.13,20.3,7.48527,4.26,433,706,14.1638,0.3815,6.60507,2.71313,0.36
309,20,28,52,7.67,0.409,2.07,7.8,10.700662,13.08,347,274,12.5392,0.32316,5.96037,2.48747,0.26
310,24,36,40,7.83,0.904,2.14,77.6,3.874728,12.26,219,522,11.83,0.31,6.1,2.3,0.58
311,10,42,48,7.93,0.467,3.22,49.4,6.473686,8.84,541,554,21.14,0.31,10.42,3.72,0.61
312,10,36,54,7.77,1.103,3.73,50.3,12.285778,21.44,693,499,16.2,0.32,9.01,4.71,1.08
313,16,32,52,7.87,0.402,2.63,48.4,5.945314,6.35,233,457,16.31,0.21,8.31,1.14,0.3
314,16,42,42,7.87,0.452,2.45,42.5,6.076278,19.65,298,276,12.98,0.29,7.46,1.46,0.45
315,20,30,50,7.88,0.394,2.69,52.5,5.635968,22,295,440,10.2,0.32,5.3,3.96,0.45
316,16,28,56,7.86,0.744,4.56,42.2,27.73953,87.33,1297,456,10.04,2.11,7.05,2.24,1.14
317,22,44,34,7.73,0.428,1.9,16.6,10.391316,14.02,340,1038,13.83,0.52,7.04,2.48,0.27
318,10,24,66,7.92,0.47,2.08,43.1,12.152556,9.6,207,159,8.6,0.54,5.69,4.2,0.41
319,14,22,64,8.14,0.5,2.24,40.3,18.404958,11.04,163,169,10.63,0.38,5.01,3.11,0.4
320,10,22,68,8.02,0.406,1.91,40.6,7.309146,9.38,164,146,8.79,0.38,4.89,2.63,0.31
321,20,56,24,6.37,1.232,2.42,0,79.079676,34.71,346,1753,54.3,0.27,44.01,2.25,0.74
322,30,18,52,7.88,0.468,2.46,43.1,11.624184,11.99,144,117,9.86,0.27,8.38,0.48,0.24
323,40,12,48,7.47,2.03,1.93,15.9,102.813514,8.68,109,192,11,0.2,5.95,0.75,0.48
324,40,32,28,7.66,0.321,1.28,14.4,2.729922,10.25,199,250,12.33,0.39,7.25,5.43,0.15
325,22,40,38,7.78,0.373,1.65,19.1,7.221084,10.11,257,481,14.55,0.29,7.25,2.47,0.26
326,40,28,32,7.91,0.735,1.02,19.1,7.133022,4.13,146,318,8.65,0.2,7.37,0.57,0.14
327,20,54,26,7.9,0.329,1.81,25.6,7.97074,4.79,256,1287,10.94,0.21,6.18,1.22,0.34
328,24,44,32,7.83,0.311,1.61,15.9,5.019534,17.41,284,427,16.07,0.21,10.77,0.91,0.26
329,36,34,30,6.76,0.689,1.52,14.4,7.573332,15,140,668,62.66,0.24,18.62,1.27,0.3
330,44,26,30,5.76,0.215,0.93,0,1.36609,31.35,218,605,77.02,0.71,23.18,5.45,0.7
331,40,22,38,5.75,0.171,1.61,0,1.894462,6.35,90,663,71.96,0.4,16.08,0.96,0.4
332,44,24,32,7.82,0.451,2.05,4.8,5.547906,15.82,317,393,22.75,0.47,10.39,4.12,0.82
333,36,36,28,7.68,0.35,2.1,3,7.04496,14.87,259,461,18.25,0.37,14.26,3.3,0.48
334,22,42,36,7.81,0.42,4.16,14,11.536122,73.08,926,581,11.48,1.16,9.27,2.95,0.98
335,30,30,40,8.01,0.32,2.04,32.5,23.117404,9.43,311,480,8.86,0.27,5.75,1.41,0.38
336,22,46,32,7.99,0.435,2.31,17.8,37.250226,5.13,222,526,11.1,0.14,7.85,1.71,0.4
337,30,28,42,8.03,0.313,2.06,27,24.128988,8.1,305,352,5.89,0.51,2.85,2.13,0.32
338,30,32,38,6.24,0.603,1.12,0,17.129188,6.78,148,646,77.23,0.41,28.37,1.71,0.36
339,32,48,20,6.64,0.495,1.76,0,5.152756,8.69,185,1521,38.9792,0.33917,12.5041,1.69526,0.2
340,36,32,32,6.34,0.239,3.44,0,2.775082,13.6,110,862,64.2088,1.34593,33.14,2.57825,0.53
341,36,32,32,7.54,0.33,1.62,3.8,23.688678,13.13,97,1091,21.57,0.27,13.94,0.85,0.22
342,20,50,30,5.7,0.196,1.43,0,3.039268,29.67,239,1193,85.1933,6.26669,38.7082,2.84623,0.69
343,16,36,48,7.82,0.316,1.99,6.3,23.998024,14.49,319,355,17.53,0.29,9.96,1.65,0.31
344,28,42,30,5.2,0.324,2.46,0,26.287636,40.67,249,1093,172.84,0.54,35.91,2.79,1.14
345,34,34,32,7.8,0.407,3.18,31.8,27.035034,11.03,353,372,10.85,0.62,8.79,2.17,0.59
346,40,26,34,8.06,0.285,1.61,4.5,19.154614,3.54,151,198,7.84,0.49,5.67,1.34,0.26
347,22,34,44,7.89,0.362,2.11,39.5,21.708412,5.55,361,510,5.44,0.52,4.43,1.62,0.4
348,30,38,32,7.71,1.219,3.27,25.5,73.53177,98.24,571,314,24.93,7.09,10.82,2.08,0.63
349,42,18,40,8.15,0.309,1.69,30.3,21.003916,11.71,188,301,9.59,0.54,6.83,1.68,0.41
350,18,40,42,8.04,0.297,1.98,8.5,18.362056,5.41,259,631,19.6,0.21,13.86,1.4,0.26
351,18,44,38,8.04,0.311,2.04,6.3,17.348214,6.57,300,613,21.26,0.24,15.82,1.35,0.27
352,24,24,52,8.16,0.267,1.78,16.5,19.4188,4.18,136,134,11.33,0.23,10.12,4.51,0.26
353,24,22,54,7.97,0.249,1.74,5.5,23.029342,5.47,197,349,14.39,0.2,9.54,2.93,0.26
354,34,34,32,7.8,0.641,2.67,11.3,45.616116,16.8,330,1886,17.42,0.51,9.76,1.39,0.43
355,42,22,36,7.82,0.461,1.71,7.3,32.230692,31.81,269,548,14.39,0.79,6.07,1.45,0.47
356,48,20,32,8.03,0.308,1.32,8.3,21.751314,6.43,173,462,11.58,0.66,6.83,0.89,0.45
357,22,50,28,6.25,0.243,1.94,0,18.273994,7.32,222,1389,46.96,0.54,16.03,2.9,0.62
358,16,64,20,7.44,0.39,1.81,6.8,3.35,27.81,219,1432,29.83,0.38,12.06,2.44,0.13
359,38,32,30,4.63,0.87,2.41,0.3,39.58,11.16,122,639,98.77,0.78,41.52,2.87,0.57
360,38,28,34,4.55,0.543,1.89,1.3,25.45,21.5,106,652,105.88,1.08,40.84,2.01,0.91
361,34,36,30,7.59,0.331,1.51,24,1.72,8.74,123,349,15.9,0.27,8.09,1.53,0.23
362,18,46,36,7.13,0.433,1.99,15,15.01,10.77,335,2238,17.83,0.37,11.98,1.87,0.54
363,22,30,48,7.55,0.371,3.03,18.8,5.06,14.17,141,345,16.67,0.34,10.35,1.37,0.42
364,44,22,34,5.5,0.291,1.32,0.5,3.04,16.18,71,120,41.73,0.74,38.12,1.58,0.32
365,44,22,34,6.08,0.599,2.53,1.3,22.06,9.57,180,838,90.8,0.66,36.09,1.96,0.76
366,48,20,32,4.82,0.322,0.98,0.8,11.62,23.82,139,101,47.95,0.57,39.15,1.09,0.82
367,48,28,24,6.46,0.753,2.15,1.3,19.42,29.3,213,1589,59.13,0.56,36.92,2.92,0.44
368,38,20,42,4.97,0.355,1.47,0.8,17.17,14.96,123,368,78.77,0.68,34.86,2.15,0.58
369,48,16,36,6.41,0.333,1.35,1,7.57,5.72,136,364,36.83,0.43,32.09,2.58,0.33
370,32,40,28,5.97,0.319,1.98,2,6.08,7.59,132,1092,64.25,0.7,38.56,3.16,0.38
371,34,38,28,5.92,0.244,1.94,1,4.09,10.12,149,926,68.48,0.68,46.91,3.34,0.41
372,46,30,24,6.36,0.382,2.02,1.5,13.34,18.52,283,1483,46.25,1.14,34.46,3.01,0.69
373,32,38,30,7.43,5.621,2.02,6.8,63.62,79.08,406,943,13.51,2.96,13.31,32.4,0.38
374,34,36,30,7.58,3.45,2.01,6.8,74.15,58.22,658,1868,11.28,2.29,8.89,26.48,0.58
375,32,42,26,7.24,0.577,2.21,2.3,20.91,16.85,791,1138,16.9,0.63,15.53,2.5,0.84
376,24,46,30,6.63,0.585,2.35,1.3,17.13,9.7,512,1544,44.75,0.5,23.94,2.06,0.61
377,38,34,28,7.66,0.419,1.32,16.3,5.15,4.55,302,548,12.21,0.27,9.91,1.25,0.42
378,24,50,26,7.53,0.611,2.06,10.3,8.01,6.69,213,345,22.8,0.45,14.03,1.92,0.32
379,34,32,34,7.2,0.48,1.61,4,19.29,7.24,290,788,18.93,0.32,16.59,1.44,0.63
380,28,46,26,7.43,0.389,2.24,2.8,5.94,9.22,634,935,24.88,0.37,14.3,2.08,0.85
381,34,36,30,7.68,0.332,1.29,15.3,0.79,3.12,138,332,17.85,0.46,10.08,1.37,0.24
382,54,28,18,7.45,0.376,1.36,7.3,15.41,6.91,225,1015,13.92,0.26,10.62,1.44,0.63
383,16,50,34,7.6,0.336,1.49,15.3,13.17,3.68,473,1222,15.84,0.27,9.31,1.42,0.17
384,20,58,22,7.67,0.418,1.97,13.3,0.35,3.69,273,760,22.69,0.64,12.4,1.97,0.53
385,22,50,28,7.54,0.377,2.25,5.3,9.25,2.44,709,991,19.54,0.42,12.08,1.78,0.33
386,18,44,38,7.6,0.345,1.39,20,4.67,3.36,380,806,15.11,0.27,10.07,0.98,0.26
387,18,52,30,7.54,0.388,1.63,14.8,2.6,3,501,1382,14.94,0.34,9.11,1.35,0.23
388,24,50,26,7.51,0.334,1.97,4.5,8.45,3.73,529,1061,16.28,0.35,13.26,1.81,0.26
389,24,46,30,7.61,0.357,1.24,12,7.79,6.26,428,879,17.74,0.2,7.11,1.03,0.27
390,26,42,32,7.7,0.314,1,12.8,3.83,9.85,361,763,10.57,0.2,8.54,0.76,0.32
391,30,40,30,7.72,0.403,0.92,11.3,14.53,8.12,373,735,9.23,0.17,6.9,0.77,0.31
392,44,28,28,7.6,0.382,1.27,10,10.57,13.87,283,746,11.87,0.46,7.3,1.15,0.37
393,16,56,28,6.81,0.505,2.27,5.8,0.92,14.71,254,998,36.22,0.51,24.09,2.36,0.43
394,24,50,26,6.46,0.706,1.69,0.3,5.5,16.04,491,2912,43.62,0.37,27.34,2.82,0.41
395,48,18,34,7.24,0.409,1.33,2.5,8.72,23.26,171,264,13.36,0.31,15.51,0.94,0.46
396,44,28,28,6.06,0.454,1.53,0.8,17.39,27.88,211,793,43.92,0.42,33.92,1.81,0.44
397,30,46,24,5.71,0.226,1.74,0.8,12.59,25.21,415,1729,47.13,0.48,32.71,2.53,0.93
398,18,48,34,7.48,0.328,1.41,13,8.01,7.24,370,481,14.11,0.17,8.74,0.84,0.35
399,42,26,32,6.43,0.83,1.31,1.3,3.74,12.29,171,566,49.75,0.39,23.46,1.18,0.48
400,28,44,28,7.58,0.318,1.44,15.5,9.73,4.64,338,649,10.04,0.2,6.84,0.79,0.28
401,18,56,26,6.64,0.54,1.86,3.2,13.17,13.75,411,938,34.77,0.41,17.7,1.34,0.35
402,20,50,30,7.16,0.436,1.97,10.5,5.2,7.96,192,254,27.41,0.41,15.11,1.07,0.5
403,34,30,36,7.73,0.348,1.63,28.3,12.55,5.55,277,305,13.08,0.26,6.95,0.91,0.26
404,32,28,40,7.66,0.306,1.86,31.8,0.31,5.32,117,186,11.11,0.38,6.65,0.81,0.34
405,24,44,32,7.53,0.483,2.75,12,14.75,6.07,172,226,16.19,0.75,10.38,1.28,0.43
406,34,38,28,7.66,0.31,1.77,42,7.4,5.62,242,576,11.96,0.38,6.58,0.58,0.38
407,24,38,38,7.69,0.323,1.85,26,7.09,4.41,291,723,16.3,0.3,7.83,1.56,0.37
408,36,30,34,7.64,0.398,2.31,18.3,0.84,4.79,124,514,17.59,0.39,8.75,1.12,0.52
409,24,42,34,7.7,0.311,1.66,21.8,6.47,3.82,194,894,10.69,0.26,5.42,1.56,0.26
410,24,54,22,7.52,0.35,2.28,7.5,7.97,3.7,325,1501,15.21,0.39,9.35,1.45,0.45
411,46,28,26,7.51,0.419,1.53,10,4.27,3.84,120,1174,12.42,0.35,5.47,0.89,0.3
412,42,22,36,7.66,0.314,1.51,30.5,8.23,3.11,165,830,9.46,0.28,4.26,0.7,0.44
413,28,44,28,6.18,0.72,1.54,0.5,12.72,9.61,264,764,42.05,0.47,21.82,1.31,0.61
414,36,40,24,5.9,0.198,2.17,0.5,3.74,12.07,142,528,43.55,0.61,24.5,1.28,0.27
415,28,44,28,7.51,0.302,2.1,6.5,6.43,4.51,437,515,18.67,0.47,9.57,1.14,0.35
416,34,38,28,7.69,0.375,1.87,18.8,3.13,7.18,247,227,12.55,0.25,10.39,0.83,0.21
417,26,42,32,7.67,0.364,1.63,20.5,11.89,2.96,182,287,12.06,0.17,6.86,0.68,0.21
418,22,52,26,7.48,0.388,2.27,5.5,10,3.99,246,344,16.7,0.2,10.32,0.88,0.19
419,42,22,36,7.81,0.345,1.28,22,3.79,3.87,118,241,15.96,0.13,9.13,0.87,0.25
420,24,46,30,6.98,0.494,1.84,6.3,5.37,8.73,185,568,28.79,0.72,14.36,1.11,0.29
421,52,26,22,6.15,0.587,0.9,0.3,3.74,7.52,122,690,49.36,0.27,27.33,1.32,0.16
422,42,30,28,7.28,0.416,1.25,6,10.48,7.46,169,195,16.62,0.16,11.37,0.91,0.19
423,30,32,38,7.69,0.394,2.35,24.8,7.93,8.28,267,234,11.96,0.17,10.2,0.98,0.25
424,40,28,32,7.71,0.39,1.6,21.3,12.15,3.96,123,287,15.81,0.41,9.28,0.79,0.25
425,28,28,44,7.68,0.361,1.4,34.5,12.59,4.34,193,225,11.96,0.31,8.77,0.9,0.13
426,22,34,44,7.71,0.404,1.39,32.3,14.49,3.21,140,257,10.21,0.13,5.76,0.79,0.21
427,24,30,46,7.75,0.354,1.79,39,11.01,7.75,124,197,9.01,0.14,6.6,0.69,0.21
428,18,56,26,6.89,0.508,2.05,3.8,5.72,9.24,297,558,30.74,0.31,14.35,1.32,0.24
429,20,54,26,7.64,0.475,2.06,22.5,10.35,14.85,354,617,11.52,0.85,8.42,1.9,0.48
430,36,30,34,7.64,0.385,1.85,34.8,9.33,5.55,210,559,9.84,0.19,6.44,1.3,0.26
431,30,44,26,7.64,0.474,1.91,12,4.76,4.66,300,609,16.29,0.16,12.79,1.45,0.44
432,22,52,26,7.48,0.446,2.19,14,10.04,2.44,406,478,17.08,0.29,14.12,1.36,0.52
433,26,48,26,6.42,0.665,1.85,2.8,1.94,7.39,328,2438,59.3,0.71,23.23,2.31,0.31
434,30,40,30,7.74,0.33,1.45,20.5,5.68,4.52,355,256,19.34,0.27,13.3,1.11,0.26
435,28,44,28,7.49,0.377,1.69,7.3,5.64,5.2,253,502,17.19,0.25,9.21,0.84,0.21
436,24,46,30,7.12,0.464,1.47,7,7.49,3.73,335,762,24,0.25,13.73,1.12,0.25
437,28,28,44,7.78,0.331,2.12,33,6.16,5.96,133,143,10.99,0.21,7.62,0.81,0.22
438,36,26,38,7.7,0.382,1.53,39.8,14.66,3.98,165,276,13.67,0.24,7.71,0.78,0.28
439,32,42,26,7,0.517,1.76,6.8,13.56,6,212,491,21.53,0.32,11.74,0.94,0.24
440,32,36,32,7.61,0.343,1.89,14.8,5.55,4.63,207,226,11.64,0.22,8.9,0.86,0.19
441,40,32,28,7.05,0.558,1.73,4.5,10.39,10.26,251,910,29.61,0.35,18.5,1.82,0.43
442,20,50,30,7.29,0.483,1.9,9,19.55,4.85,312,997,13.66,0.28,11.83,1.3,0.28
443,30,38,32,7.55,0.427,1.69,4.3,8.54,8.69,248,414,11.34,0.25,8.56,1.17,0.35
444,40,34,26,7.63,0.515,1.54,8.3,17.08,5.01,295,434,13.7,0.27,8.67,1.29,0.2
445,26,50,24,7.58,0.399,1.75,11.3,7.93,6.44,530,717,20.47,0.36,15.17,1.93,0.38
446,26,46,28,7.37,0.421,1.63,5.5,11.1,7.64,283,821,15.71,0.34,13.7,1.69,0.33
447,54,22,24,4.78,0.174,1.63,0,11.58,21.09,122,353,97.75,0.46,37.88,1.46,0.72
448,42,36,22,6.65,0.701,1.54,5.8,12.86,13.59,174,382,51.22,0.31,13.87,1.19,0.39
449,36,32,32,7.82,0.296,0.68,23,8.94,3.12,182,542,4.87,0.14,3.51,0.42,0.35
450,34,34,32,7.31,0.458,1.78,7.3,21.93,10.93,261,413,31.11,0.35,14.74,1.51,0.45
451,28,36,36,7.8,0.262,0.37,25.8,2.99,1.21,243,813,14.87,0.1,4.73,1.26,0.32
452,24,40,36,7.63,0.408,1.93,32.5,20.39,4,207,298,19.04,0.22,8.3,0.84,0.31
453,26,38,36,7.55,0.457,1.57,18.8,9.6,14.64,301,498,13.65,1.63,9.91,1.21,0.32
454,26,38,36,7.73,0.306,1.1,25.5,3.3,3.76,198,452,15.83,0.19,9.4,1.01,0.31
455,40,32,28,7.75,0.558,2.14,13,20.47,50.94,385,538,31.77,3.06,14.74,2.22,0.69
456,38,36,26,7.55,0.617,2.67,6.8,12.77,61.24,334,607,19.95,3.26,13.92,2.27,0.78
457,30,42,28,7.64,0.418,1.72,17,7.4,2.64,302,738,20.85,0.22,11.43,1.6,0.39
458,26,46,28,7.62,0.371,1.35,14.3,8.41,2.57,363,728,20.52,0.31,9.79,1.55,0.16
459,44,40,16,7.69,0.29,1.59,21,7.93,3.77,356,582,20.45,0.2,10.22,1.35,0.53
460,24,46,30,7.65,0.343,1.62,21.5,4.62,2.78,341,611,15.49,0.19,10.21,1.21,0.44
461,22,46,32,7.68,0.351,1.97,25,8.81,4.94,354,392,15.15,0.25,9.66,1.22,0.46
462,42,36,22,7.66,0.373,1.5,13,3.92,3.1,348,368,14.93,0.26,10.59,1.27,0.35
463,22,62,16,7.62,0.464,1.99,14.3,3.43,9.39,321,1259,22.55,0.36,11.05,1.84,0.26
464,30,46,24,6.99,0.526,2.45,6.5,6.3,11.42,234,1232,48.97,0.37,15.1,2.13,0.52
465,42,32,26,7.59,0.4,1.31,17.8,9.2,10.59,244,432,15.72,0.44,9.96,1.21,0.46
466,30,42,28,7.56,0.37,1.34,10.5,3.48,3.89,335,480,16.52,0.3,9.15,0.87,0.24
467,24,40,36,7.62,0.359,4.68,34.5,7.13,5.32,162,620,16.53,0.4,8.26,1.02,0.45
468,20,40,40,7.75,0.357,2.7,33,13.96,3.67,197,619,17.9,0.28,10.42,1.14,0.5
469,32,30,38,7.66,0.252,2.18,38,3.43,3.97,146,572,13.82,0.24,6.17,0.8,0.48
470,28,44,28,7.62,0.318,2.36,34,4.09,3.15,260,668,22.39,0.22,9.33,1.06,0.55
471,24,50,26,7.66,0.342,2.61,22.5,10.17,4.33,284,779,17.39,0.3,13.56,1.26,0.59
472,16,58,26,6.77,0.421,2.57,3.2,11.84,6.99,363,1245,45.37,0.42,24.76,1.89,0.26
473,24,48,28,7.5,0.484,3.3,34,12.46,9.58,363,744,25.01,0.82,17.83,1.53,0.32
474,26,36,38,7.69,0.408,1.68,30.5,9.64,5.42,187,245,15.67,0.22,9.18,0.73,0.31
475,18,54,28,6.91,0.595,1.55,7.5,4.58,12.3,361,687,52.17,0.36,22.59,1.47,0.48
476,62,20,18,6.66,0.531,1.19,2.5,13.21,25.51,139,238,58.38,0.29,17.34,0.97,0.3
477,38,40,22,6.8,0.546,1.25,4.3,8.67,12.71,215,370,53.91,0.27,23.19,1.52,0.48
478,44,34,22,6.56,0.767,1.33,5,11.84,11.92,192,500,65.63,0.31,27.49,1.67,0.42
479,40,30,30,7.64,0.375,1.07,13,1.72,8.71,211,250,13.34,0.23,7.79,0.88,0.61
480,24,40,36,7.6,0.401,1.88,27.3,15.54,7.49,341,393,7.61,0.32,6.95,1,0.36
481,20,56,24,7.52,0.398,2.36,32,7.09,5.7,449,631,25.73,0.32,16.03,1.39,0.21
482,24,42,34,7.5,0.456,1.63,18.5,5.94,8,320,378,19.15,0.24,13.98,1.02,0.34
483,24,46,30,7.55,0.488,1.66,12,8.23,4.75,340,724,24.94,0.26,14.83,1.3,0.31
484,26,44,30,7.41,0.442,1.97,9,6.21,8.55,386,419,23.31,0.3,16.21,1.29,0.36
485,30,42,28,7.53,0.395,1.8,6.3,3.08,13.96,381,440,25.68,0.31,14.74,1.45,0.44
486,24,46,30,7.64,0.419,1.99,12,7.35,71.69,596,497,14.94,1.12,11.31,1.21,0.54
487,22,48,30,7.63,0.405,1.84,19.8,11.98,8.07,352,795,18.56,0.31,15.25,1.28,0.29
488,38,34,28,7.66,0.388,2.83,42,9.47,21.48,306,392,22.39,0.36,18.21,1.36,0.35
489,22,48,30,7.59,0.467,2.58,32.5,25.41,8.55,417,211,24.41,1.53,26.73,2.02,0.42
490,24,42,34,7.64,0.363,2.59,24.5,22.19,8.21,319,229,17.55,0.92,22.81,1.68,0.12
491,22,46,32,7.54,0.32,2.58,21.8,10.96,10.61,328,277,23.42,1.12,25.4,2.08,0.19
492,30,40,30,7.44,0.453,2.5,10.8,29.9,7.38,314,1182,25.19,0.66,22.64,2.11,0.19
493,26,50,24,6.36,0.509,2.65,3,33.02,20.31,386,1505,70.37,0.83,50.21,1.71,0.24
494,30,56,14,7.17,0.364,2.04,5.5,25.23,10.35,161,1420,33.76,0.47,21.51,1.17,0.19
495,22,54,24,7.46,0.408,2.3,13.8,12.72,2.82,248,530,20.26,0.43,18.74,1.53,0.28
496,38,32,30,7.66,0.387,2.11,19.5,9.29,3.53,165,875,23.34,0.46,16.93,1,0.16
497,28,46,26,7.61,0.355,2.22,8.3,9.11,3.93,116,473,30.65,0.48,21.96,1.26,0.16
498,36,30,34,7.56,0.388,2.1,14,16.82,4.36,276,952,22.1,0.44,20.78,1.02,0.2
499,28,44,28,7.53,0.372,1.68,14.3,15.28,7.47,160,438,21.86,0.38,18.79,1.19,0.17
500,34,40,26,7.48,0.367,4.98,16.3,18.14,3.98,206,377,25.48,0.39,20.78,1.24,0.25
501,40,28,32,5.99,0.342,1.81,4.3,12.11,13.91,154,853,101.38,0.65,39.34,2.27,0.49
502,42,32,26,7.45,0.402,2,5.3,8.19,8.29,162,598,20.46,0.85,22.51,1.67,0.21
503,44,22,34,6.81,0.422,2.04,3,10.39,33.93,163,571,42.3,1.61,27.74,1.31,0.49
504,34,36,30,7.59,0.341,2.25,10.8,12.9,9.81,357,253,19.57,0.86,33.67,2.04,0.21
505,52,20,28,6.72,0.33,1.23,1.5,3.96,10.61,120,297,32.28,1.72,44.03,1.27,0.35
506,38,28,34,7.66,0.385,2.06,16.3,9.07,6.91,207,133,12.02,0.45,12.48,1.01,0.29
507,34,36,30,7.32,0.38,1.96,13.5,11.49,16.51,285,266,19.42,0.43,20.69,1.23,0.12
508,40,24,36,7.64,0.372,1.77,16,17.83,9.13,158,170,15.04,0.4,16.44,1.03,0.16
509,40,26,34,7.66,0.45,2.22,20.3,17.13,7.18,120,199,10.9,0.5,17.84,1.36,0.31
510,20,58,22,6.7,0.455,1.55,3.8,10.3,3.44,333,3964,62.56,0.79,29.48,1.35,0.49
511,22,46,32,6.98,0.454,2.79,3.5,1.98,9.69,142,2759,57.41,1.23,47.09,0.94,0.28
512,26,48,26,6.94,0.447,3.07,3,7.57,7.91,155,3526,44.66,1.08,30.3,1.23,0.35
513,30,42,28,6.66,0.458,4.04,1.3,12.55,20.41,203,2544,61.95,1.62,31.49,1.23,0.96
514,24,46,30,6.3,0.487,3.38,1,10.7,12.81,114,2425,72.68,0.79,34.31,1.21,0.74
515,16,54,30,6.2,0.381,3.52,2,26.86,38.93,300,2632,80.09,0.85,31.55,1.5,0.65
516,14,60,26,6.35,0.499,3.19,2,10.44,32.05,655,3167,73.59,1.05,26.33,1.78,0.84
517,26,56,18,7.36,0.5,2.57,11.8,20.61,5.73,473,1846,13.83,0.44,14.75,0.93,0.36
518,40,28,32,7.65,0.384,1.96,20.5,9.2,5.69,187,274,14.89,0.37,9.97,0.69,0.12
519,34,36,30,7.66,0.386,2,22.5,12.9,10.93,229,369,13.26,0.54,12.12,0.85,0.16
520,38,30,32,7.62,0.537,2.71,16.3,31.17,8.6,231,257,10.43,0.69,13.42,1.18,0.51
521,46,18,36,7.81,0.414,2.23,41.8,6.16,14.73,414,170,5.19,0.61,7.4,0.91,0.31
522,30,46,24,7.24,0.412,2.7,12,12.06,7.27,581,1183,26.87,0.54,17.01,0.99,0.45
523,30,48,22,7.18,0.387,2.24,3,7.62,40.66,373,1343,35.32,1,18.26,1.47,0.37
524,48,28,24,7.69,0.383,2.3,40,5.15,6.18,486,505,17.17,0.48,9.12,0.76,0.31
525,26,50,24,7.48,0.362,2.87,9,7.27,8.38,207,791,20.33,0.45,14.49,1.15,0.54
526,34,38,28,7.61,0.379,2.71,23.5,13.39,6.28,88,454,15.92,0.39,12.62,1.12,0.26
527,20,54,26,6.67,0.345,2.09,2,5.86,5.71,304,861,41.66,0.49,21.72,1.61,0.4
528,34,30,36,5.16,0.347,2.3,0.3,20.83,13.18,59,326,84.2,0.72,71.76,1.89,0.66
529,28,44,28,7.12,0.36,1.43,6.8,14,5.89,202,527,19.17,0.43,8.8,1.02,0.37
530,22,56,22,6.24,0.8,1.85,1.3,8.63,11.85,338,1999,60.84,0.6,31.52,1.84,0.6
531,28,40,32,5.15,0.325,1.7,1,22.5,23.67,767,883,89.6,0.55,53.71,1.77,0.68
532,28,46,26,6.74,0.516,2.88,10.3,14.35,26.31,305,1113,43.44,2.13,19.53,1.5,0.42
533,32,40,28,5.84,0.856,2.64,2.8,23.12,22.13,80,895,65.28,0.43,38.9,1.5,0.45
534,28,50,22,6.54,0.357,2.65,5,2.33,43.46,344,1949,48.47,0.74,31.34,1.8,0.77
535,20,44,36,7.24,0.365,2.76,11.5,2.11,6.37,315,717,20.26,0.45,13.86,1.1,0.23
536,36,34,30,5.08,0.224,2.14,1.3,5.94,24.78,161,483,87.12,0.46,41.72,1.58,0.47
537,24,46,30,6.89,0.427,2.2,3.8,9.91,31.92,266,1591,22.54,0.49,9.36,1.22,0.18
538,32,46,22,7.25,0.599,2.15,4.3,24,20.04,288,2476,22.65,0.57,11.86,0.9,0.36
539,24,50,26,6.88,0.985,2.03,3.5,52.18,11.65,315,1342,25.04,0.64,16.08,1.16,0.26
540,40,28,32,7.6,0.322,1.95,15,1.59,5.66,201,268,15.59,0.27,8.01,0.59,0.2
541,20,32,48,7.74,0.381,1.79,19.3,2.82,6.33,244,134,11.96,0.25,7.44,0.84,0.43
542,16,32,52,7.66,0.356,2.65,17.8,1.67,7.31,221,175,15.82,0.3,10.88,1.2,0.93
543,16,42,42,6.91,0.522,3.18,5.3,3.74,18.8,408,541,63.54,0.47,22.3,2.2,0.55
544,42,24,34,5.88,0.483,2.44,1.3,7.44,11.27,157,402,76.08,0.48,46.14,1.8,0.31
545,20,22,58,7.56,0.425,2.47,11.3,11.18,20.87,303,137,15.36,0.32,10.01,1.28,0.5
546,32,22,46,7.69,0.379,2.54,20.5,10,15.26,180,131,11.12,0.3,7.86,0.96,0.45
547,22,46,32,7.58,0.472,2.62,22.3,17.26,39.43,489,370,14.94,0.81,8.5,0.95,0.41
548,28,22,50,7.74,0.321,2.41,22.3,1.36,4.45,214,110,10.64,0.28,7.81,0.84,0.21
549,34,32,34,7.68,0.302,2.44,32.3,0.88,8.07,272,124,10.17,0.26,9.52,1.01,0.23
550,48,14,38,7.82,0.46,2.05,14.5,3.87,11.68,263,212,11.27,0.42,10.91,1.23,0.41
551,26,22,52,7.71,0.368,2.54,25,0.88,5.75,166,150,11.23,0.28,6.38,0.87,0.18
552,52,14,34,7.78,0.343,2.62,16,1.63,22.71,94,128,11.48,0.4,4.69,0.54,0.42
553,52,14,34,7.72,0.394,2.41,17.3,5.11,22.05,107,167,10.72,0.32,6.51,0.5,0.17
554,46,18,36,7.67,0.414,1.48,17.8,10.7,8.86,136,158,10.56,0.36,6.33,0.68,0.5
555,48,18,34,7.7,0.515,2.36,17.3,19.37,13.7,162,285,8.42,0.43,6.78,0.86,0.42
556,38,26,36,7.74,0.52,2.47,41.3,0.26,25.11,255,101,11.44,0.26,14.64,0.91,0.46
557,40,16,44,7.78,0.489,1.54,32.8,20.03,10.81,202,216,9.39,0.33,4.2,0.88,0.32
558,46,12,42,7.83,0.57,2.06,34.3,24.26,12.73,122,140,11.27,0.51,4.8,0.79,0.48
559,28,28,44,7.74,0.29,1.76,25,5.2,14.28,177,497,12.1,0.34,5.1,1.03,0.44
560,26,54,20,7.7,0.397,2.22,15,16.6,19.63,486,1264,11.85,0.39,7.48,2.05,0.63
561,32,42,26,7.62,0.365,1.9,8.5,8.06,15.15,360,1873,12.43,0.34,6.87,1.74,0.45
562,28,24,48,7.84,0.445,1.45,42,14.27,12.39,114,388,14.79,0.31,4.49,0.74,0.48
563,32,32,36,7.65,0.405,1.79,26,14.31,8.6,118,633,13.47,0.25,6.19,0.69,0.45
564,26,52,22,7.74,0.422,1.94,15,17.83,9.08,327,1630,12.22,0.4,6.25,1.37,0.88
565,26,44,30,7.72,0.562,1.66,14.8,23.73,4.46,226,1409,11.24,0.31,6.34,1.41,0.59
566,32,38,30,6.93,0.53,1.84,6,11.23,20.68,332,1370,26.48,0.39,13.83,1.79,0.42
567,44,34,22,5.61,0.246,2.26,5,14.27,20.77,271,1583,72.15,0.69,40.06,2.63,0.57
568,26,50,24,5.61,0.225,2.65,6.8,16.78,23.3,319,1982,61.42,0.67,29.89,2.67,0.34
569,44,38,18,7.58,0.337,1.83,13.5,4.05,20.85,275,757,10.52,0.37,8.53,1.3,0.42
570,38,32,30,7.62,0.336,2.24,10.8,7.57,7.73,289,570,9.15,0.33,7.93,1.38,0.41
571,36,38,26,7.66,0.343,1.81,12.5,6.08,7.73,282,817,10.77,0.27,10.22,1.3,0.33
572,54,18,28,7.63,0.427,1.75,16.5,14.62,12.19,195,406,10.64,0.32,9.12,0.97,0.52
573,30,38,32,7.57,0.348,2.04,9.5,10.88,7.85,469,527,9.69,0.39,9.04,1.65,0.37
574,32,38,30,7.08,0.535,1.99,5,16.38,12.41,296,1522,21.69,0.43,10.83,1.57,0.44
575,24,44,32,7.62,0.508,1.64,10.5,27.78,5.35,319,1261,13.02,0.24,7.71,1.53,0.39
576,24,44,32,7.54,0.411,2.32,6.5,17.3,22.18,587,600,10.16,0.26,7.85,1.58,0.36
577,42,34,24,7.6,0.378,1.75,4.8,10.74,7.31,257,933,9.72,0.19,6.88,1.11,0.34
578,28,44,28,5.72,0.24,1.78,4,10,22.82,273,2121,65.43,0.49,22.51,2.87,0.52
579,24,46,30,6.49,0.778,2.24,3.5,12.81,20.23,385,2156,45,0.38,18.23,2.28,0.38
580,40,30,30,7.04,0.5,1.85,3.5,9.11,17.72,356,1551,17.13,0.31,12.43,1.67,0.39
581,32,30,38,7.46,0.496,1.53,7.3,21.75,11.73,345,1156,9.96,0.24,6.84,1.4,0.31
582,30,40,30,7.63,0.384,1.56,9.5,11.4,16.67,288,884,10.46,0.19,5.17,1.34,0.36
583,40,30,30,7.64,0.383,1.06,11,17.3,13.02,184,1041,11.24,0.15,5.72,1,0.29
584,40,34,26,7.57,0.37,1.63,4.5,9.47,8.23,229,882,10.97,0.46,7.67,1.18,0.33
585,30,32,38,7.69,0.427,1.54,13.3,17.17,14.11,268,586,7.32,0.27,4.67,0.92,0.29
586,30,42,28,7.65,0.379,1.29,6.5,16.25,8.71,264,673,12.75,0.21,5.47,1.11,0.23
587,24,42,34,7.36,0.447,1.76,9.8,21.05,6.72,363,1032,15.45,0.35,9.22,1.53,0.24
588,38,34,28,5.31,0.214,2.35,1.3,12.2,8.7,155,959,49.35,0.58,58.97,1.6,0.49
589,62,14,24,7.43,0.549,1.62,17.3,23.64,12.05,157,816,8.9,0.29,4.76,0.7,0.27
590,30,36,34,6.7,0.392,2.23,3.2,9.25,24.69,152,1400,43.94,0.38,13.88,1.9,0.81
591,40,26,34,5.22,0.454,1.93,1.5,26.64,17.96,87,601,61.46,1.04,85.75,1.5,0.5
592,28,46,26,5.8,0.252,2.31,2.8,11.23,13.51,216,2491,41.14,0.62,27.51,4.08,0.47
593,44,30,26,5.37,0.219,2.66,2.3,7.71,21.2,152,1386,74.33,0.75,39.8,2.98,0.74
594,50,16,34,5.57,0.195,1.32,1,5.99,18.92,138,288,69.38,1.16,37.48,1.17,0.46
595,54,16,30,6.01,0.194,1.39,0.5,7.66,12.04,118,473,43.15,0.8,29.6,0.89,0.42
596,68,10,22,7.06,0.516,1.4,1,3.87,16.01,92,244,29.53,0.65,14.33,0.78,0.27
597,66,10,24,5.47,0.146,1.35,0.3,8.63,19.66,86,224,53.17,0.79,45.16,0.91,0.46
598,40,22,38,7.48,0.901,4.16,18,45.57,152.42,764,1283,12.92,4.02,6.47,2.46,0.95
599,40,28,32,7.53,0.41,1.48,9.8,6.03,11.84,316,832,15.56,0.4,7.71,1.45,0.3
600,26,44,30,7.21,0.513,2.3,5.8,7.53,19.24,426,903,23.62,1.89,13.82,1.69,0.25
601,50,32,18,7.02,0.51,1.64,5,6.96,25.03,251,1786,32.17,0.64,14.09,1.9,0.44
602,44,32,24,7.15,0.554,1.26,6.3,6.78,9.75,132,1322,26.87,0.54,11.03,1.38,0.28
603,38,34,28,5.4,0.164,2.15,1,7.35,8.46,202,1758,103.43,0.83,28.17,2.44,0.43
604,54,20,26,7.5,0.406,1.44,14.8,7.75,5.85,161,368,10.45,0.49,7.08,0.92,0.24
605,48,28,24,7.49,0.483,1.65,9.3,6.56,28.41,251,930,21.69,0.61,9.65,1.55,0.27
606,28,44,28,6.38,0.838,1.95,2.8,8.1,18.39,237,1356,76.64,0.62,14.28,1.95,0.28
607,48,20,32,7.51,0.402,1.81,33.5,16.6,7.54,241,370,12.47,0.5,4.97,1.08,0.62
608,28,40,32,5.27,0.173,1.77,1.5,3.21,12.34,204,1494,79.05,0.8,66.12,2.57,0.46
609,48,22,30,4.94,0.175,1.87,0.3,3.74,11.79,94,295,78.56,1.27,67.54,1.6,0.35
610,34,28,38,7.26,0.399,2.24,32,10.66,8.8,268,435,14.47,0.44,6.75,1.65,0.29
611,40,30,30,5.12,0.212,2.25,0.8,7.57,9.64,176,750,87.99,1.01,67.81,1.7,0.78
612,38,40,22,5.26,0.233,2.5,0.3,13.78,20.2,261,1648,104.36,0.91,55.48,2.78,0.66
613,32,36,32,5.72,0.224,2.08,1.5,14.53,20.15,299,1324,72.12,0.9,28.31,2.78,0.67
614,18,52,30,7.26,0.408,1.78,10.3,17.35,3.66,409,1238,18.22,0.69,16.99,1.67,0.12
615,18,52,30,6.15,0.295,1.88,2,14.88,10.71,551,1590,44.65,0.75,27.58,2.17,0.24
616,26,40,34,5.78,0.229,2.18,1,8.89,17.7,405,1184,73.03,0.8,25.16,2.24,0.41
617,36,32,32,5.87,0.359,1.73,1.3,22.98,18.58,259,720,44.12,0.53,30.55,2.04,0.21
618,28,44,28,6.4,0.394,1.96,1.3,6.21,14.52,339,1440,36.46,0.4,25.54,1.7,0.19
619,26,40,34,7.15,0.378,2.45,4,29.41,29.5,538,908,17.17,1.2,13.02,1.49,0.18
620,18,56,26,7.57,0.628,2.71,12,32.23,8.07,349,1472,14.28,0.67,7.83,1.26,0.16
621,26,48,26,5.55,0.243,2.13,2,2.82,23.75,438,1020,52.28,0.37,33.97,1.96,0.52
622,34,26,40,6.83,0.49,3.1,1,12.42,80.14,674,915,30.81,2.26,9.63,1.38,0.47
623,46,18,36,6.04,0.173,1.73,1.3,5.28,8.33,182,1051,47.82,0.44,22.05,1.88,0.62
624,22,50,28,4.88,0.224,2.77,1.5,4.76,15.24,325,1792,78.01,0.53,37.86,2.09,0.73
625,28,42,30,4.8,0.145,2.02,1,1.72,14.43,325,1331,101.38,0.59,35.01,2.07,0.76
626,26,44,30,4.67,0.141,1.83,0.8,5.37,11.83,314,1461,77.55,0.47,43.58,1.42,0.85
627,14,50,36,7.08,0.424,2.78,6,4.54,6.95,657,900,12.94,0.39,12.29,1.44,0.24
628,22,48,30,4.77,0.195,2.73,1.3,9.38,8.49,296,1430,70.81,0.48,39.91,1.55,0.65
629,26,46,28,4.7,0.146,2.44,5.5,3.04,11.05,344,1584,60.47,0.56,52.71,1.53,0.66
630,24,46,30,4.9,0.157,2.11,2,5.11,11.11,273,1612,75.77,0.55,36.2,1.97,0.59
631,30,38,32,4.66,0.178,2.23,1,5.77,14.21,219,1043,62.55,0.46,,1.16,0.54
632,48,24,28,6.05,0.206,1.79,2,0.97,11.25,152,537,27.89,0.49,28.58,1.48,0.28
633,40,22,38,6.3,0.178,1.11,1.8,3.26,10.5,92,211,19.92,0.42,22.93,1.07,0.55
634,42,12,46,5.83,0.189,1.02,2.5,9.42,9.28,46,228,37.63,0.53,21.04,1.23,0.27
635,30,16,54,5.12,0.137,0.86,0.3,2.69,11.69,60,120,65.02,0.81,47.06,1.32,0.49
636,56,8,36,5.38,0.15,1.14,0.3,3.48,42.75,104,60,62.7,1.15,23.2,0.99,0.34
637,48,10,42,5.33,0.292,1.4,0.3,16.64,37.16,232,87,45.05,1.27,26.94,1.06,0.4
638,56,10,34,5.4,0.315,1.01,0.5,17.92,4.04,52,383,35.73,0.53,22.25,0.8,0.42
639,56,8,36,5.3,0.197,0.81,1.3,9.82,8.38,31,353,50.36,0.44,19.07,1.36,0.37
640,42,18,40,5.25,0.286,1.24,0.5,16.86,10.88,71,302,80.96,0.62,25.33,2.6,0.56
641,50,22,28,6.72,0.431,1.4,0.3,18.54,12.11,128,233,23.36,0.49,16.18,1.12,0.25
642,48,26,26,7.09,0.455,0.99,9.5,16.03,9.84,162,219,19.21,0.39,10.62,1.57,0.21
643,40,14,46,5.27,0.239,0.97,0.3,6.56,21.79,96,103,98.47,1.01,36.99,2.25,0.68
644,38,30,32,6.58,0.414,0.85,0.8,8.41,2.58,166,317,20.5,0.38,14.24,1.21,0.18
645,48,20,32,5.4,0.157,1.06,3.8,7,5.71,90,856,54.17,0.66,26.75,2.87,0.42
646,42,28,30,5.92,0.384,1.53,1.8,23.25,4.67,112,733,40.26,0.59,27.34,3.33,0.39
647,40,32,28,6.79,0.771,1.55,7.8,20.47,11.33,137,1229,58.18,0.5,12.84,2.32,0.2
648,32,44,24,7.06,0.368,1.78,9.3,9.73,14.1,183,2105,16.04,0.51,8.86,1.66,0.4
649,32,30,38,7.43,0.364,1.52,21.8,11.93,3.77,121,509,12.1,0.41,5.71,0.84,0.26
650,20,44,36,7.51,0.346,1.98,15.8,13.03,3.95,118,663,22.7,0.36,8.48,1.6,0.28
651,32,36,32,4.89,0.338,2.23,1.8,23.12,8.77,148,1012,101.2,0.97,42.91,1.77,0.61
652,44,24,32,4.49,0.337,1.52,1,24,15.35,107,349,101.89,0.9,63.39,2.38,0.6
653,32,30,38,6.2,0.359,1.49,2.5,17.52,5.08,137,661,23.58,0.6,14.5,1.32,0.38
654,30,40,30,4.95,0.618,2.56,1,41.74,15.98,253,737,70.82,0.56,52.7,1.96,0.41
655,20,54,26,6.02,0.265,2.31,1.8,13.83,7.06,485,1947,53.42,0.57,35.62,1.73,0.24
656,22,52,26,5.49,0.204,2.11,2.5,13.17,18.76,363,1711,74.05,0.56,37.43,1.92,0.43
657,32,36,32,4.91,0.28,2.31,0.5,17.74,12.31,159,843,86.54,0.57,37.31,1.55,0.47
658,28,50,22,7.25,0.467,2.3,17.8,18.89,8.8,455,763,18.46,0.42,8.42,1.09,0.34
659,44,26,30,5.92,0.804,2.09,0.8,21.4,24.85,154,627,101.03,0.91,33.86,2.82,0.34
660,38,34,28,5.3,1.148,2.69,0.8,63.4,14.65,374,1754,90.87,0.65,56.95,2.3,0.56
661,54,22,24,6.98,0.627,1.38,9.3,15.94,17.44,142,2934,22.79,0.31,8.78,1.5,0.16
662,64,18,18,6.78,0.523,1.62,1.8,10.22,14.59,200,737,34.87,0.38,15.66,1.75,0.29
663,30,42,28,5.12,0.483,2.11,1.5,26.9,13.81,315,1624,69.52,0.64,47.11,2.7,0.54
664,38,34,28,4.93,0.269,1.78,0.3,20.12,10.34,166,1197,72.68,0.64,53.37,1.59,0.45
665,44,28,28,4.67,0.283,1.93,0.5,16.16,7.41,95,604,71.85,0.74,64.51,1.48,0.58
666,68,10,22,7.87,0.296,0.75,15,5.55,3.63,73,140,9.01,0.3,4.49,0.51,0.17
667,54,22,24,7.46,0.38,1.56,3,5.9,10.41,258,547,16.07,0.43,9.9,1.59,0.16
668,36,34,30,4.55,0.163,1.84,0.5,8.98,5.07,417,792,62.95,0.55,26.65,0.94,0.59
669,44,14,42,5.07,0.287,1.9,0.3,13.83,9.57,231,106,47.2,0.66,68.12,1.12,0.43
670,48,26,26,4.76,0.153,2.02,1,8.06,11.1,149,541,59.41,0.6,54.35,1.03,0.63
671,48,20,32,4.98,0.14,2.05,2,5.55,8.46,101,373,46.91,0.64,65.21,0.87,0.61
672,36,22,42,6.76,0.762,1.76,3.2,8.37,25.45,142,726,34.38,0.83,9.03,1.56,0.53
673,30,24,46,6.5,0.245,1.51,0.8,6.6,8.89,169,502,38.89,0.88,14.71,1.81,0.72
674,42,18,40,5.22,0.18,1.2,1.3,8.01,7.92,128,318,78.16,0.88,30.11,2.06,0.4
675,32,16,52,5.15,0.312,1.52,1,13.69,11.19,120,333,89.11,0.91,23.52,2.43,0.5
676,34,30,36,6.07,0.475,2.52,1,25.01,6.16,175,819,56.76,0.95,16.93,2.07,0.29
677,38,22,40,5.23,0.265,1.48,1.3,5.81,5.96,154,492,75.55,1.69,34.93,2.32,0.45
678,56,10,34,5.85,0.31,1.77,1,4.84,41.34,106,206,42.88,1.02,38.11,1.67,0.53
679,38,24,38,6.12,0.378,1.9,1,19.55,23.68,171,362,50.18,1.08,18.74,2.22,0.47
680,38,24,38,5.28,0.144,2.29,1.5,11.32,40.94,267,541,187.94,1.06,21.5,3.79,0.6
681,26,34,40,5.4,0.191,2.35,2,13.12,5.36,463,878,77.6,0.63,25.04,2.56,0.57
682,40,22,38,7.25,0.486,1.76,1.3,11.76,15.98,195,525,36.83,0.71,9.31,1.92,0.28
683,38,22,40,6.77,0.34,1.74,1.3,9.11,27.69,241,384,31.28,2.65,19.45,1.57,0.42
684,56,18,26,6,0.32,2.09,1.8,16.56,34.11,312,698,111.13,1.77,7.28,1.43,0.41
685,30,24,46,5.63,0.225,2.14,2,16.25,9.32,201,815,78.72,1.05,21.44,2.72,0.48
686,34,24,42,5.84,0.348,1.96,1.8,18.27,9.39,167,608,51.41,0.77,22.65,2.14,0.39
687,36,32,32,7.26,0.45,2.22,7,13.03,53.75,772,596,20.05,2.41,12.96,1.74,0.42
688,30,36,34,7.51,0.414,1.31,10.3,8.94,5.36,403,512,12.96,0.75,9.32,1.91,0.19
689,54,18,28,5,0.349,1.77,1,14.05,4.25,152,356,75.61,0.66,55.22,1.66,0.49
690,56,16,28,5.08,0.415,2.3,0.8,16.47,10.52,235,339,52.05,1.5,52.48,0.99,1.12
691,42,20,38,6.16,0.305,2.24,3.2,8.98,4.99,165,938,33.22,0.97,26.45,2,0.45
692,70,8,22,5.8,0.282,1.54,1,6.43,14.55,202,89,24.96,0.71,37.36,0.98,0.6
693,66,10,24,4.99,0.371,1.02,1.3,12.59,2.57,107,182,28.13,0.68,44.48,0.97,0.75
694,48,20,32,5.1,0.179,1.23,0.5,3.61,13.11,173,315,73.02,0.83,46.36,1.64,0.42
695,34,30,36,5.8,0.302,1.84,0.8,5.46,29.79,179,769,48.58,0.62,24.67,1.82,0.3
696,36,36,28,5.92,0.233,1.54,1,18.76,20.22,256,1463,43.57,0.76,29.45,2.03,0.41
697,20,54,26,4.77,0.175,1.79,1.8,6.25,13.25,319,1852,65.12,0.71,50.44,1.62,0.82
698,24,46,30,5.03,0.204,2.17,1.8,24.7,11.06,277,1914,62.92,1.22,30.73,1.56,0.43
699,22,50,28,6.43,0.396,2.67,2.5,12.81,14.13,392,2673,39.52,1.67,11.4,1.87,0.43
700,66,10,24,6.21,0.267,2.36,2.3,13.08,24.49,378,2430,54.14,0.79,16.05,1.62,0.44
701,34,44,22,5.07,0.179,1.52,1.8,14.18,21.45,458,2609,87.4,0.73,40.42,3.21,0.59
702,28,48,24,6.95,0.555,2.12,4.5,10.3,10.45,273,2045,17.97,0.44,9.94,1.63,0.21
703,30,46,24,6.95,0.454,2.27,1.8,10.22,9.89,259,2764,25.15,0.44,10.09,1.82,0.35
704,32,36,32,7.6,0.673,2.68,12.3,18.8,44.84,791,1636,9.73,2.22,5.59,1.61,0.49
705,22,32,46,7.58,0.466,2.63,13.8,15.9,5.18,375,736,7.72,0.3,5.45,1.08,0.44
706,26,40,34,7.52,0.539,1.69,9.3,3.96,4.04,380,881,11.54,0.23,7.19,1.07,0.32
707,38,34,28,7.65,0.699,3.16,13,23.64,79.83,1509,1565,6.25,2.97,3.75,1.58,0.8
708,42,28,30,7.58,0.626,3.46,0.3,28,32.14,704,1017,15.26,1.907,6.299,1.944,0.68
709,36,36,28,7.65,0.481,1.51,14.3,40.51,10.5,395,471,13.21,0.333,6.011,1.08,0.37
710,30,40,30,7.75,0.5,1.77,6.8,25.41,4.68,390,1385,15.13,0.181,5.416,1.24,0.36
711,66,16,18,5.5,0.851,1.19,0,47.6,13.22,181,418,49.43,0.196,16.72,0.756,0.74
712,50,20,30,7.63,0.385,1.47,3.5,7.44,11.62,307,458,14.56,0.296,7.593,1.097,0.41
713,32,32,36,4.93,0.328,1.49,0,16.91,5.54,203,711,75.82,0.482,28.61,1.52,0.74
714,20,38,42,7.57,0.499,2.05,16.3,24,2.77,336,391,17.08,0.186,6.046,0.946,0.34
715,20,40,40,7.72,0.526,2.47,13,24.7,4.1,466,390,15.39,0.237,6.892,1.293,0.4
716,28,48,24,7.67,0.383,2.36,10,11.84,3.29,436,364,17.62,0.214,9.21,0.955,0.14
717,40,22,38,7.8,0.452,1.96,10,12.06,3.28,197,305,9.718,0.206,4.225,2.994,0.26
718,36,22,42,7.89,0.347,1.49,22,4.71,3.86,190,235,10.28,0.18,4.241,1.717,0.21
719,38,28,34,7.79,0.467,2.33,27,17.44,5.08,223,240,11.38,0.306,5.677,1.079,0.34
720,24,44,32,7.75,0.366,1.51,26,9.55,2.7,338,1045,20.78,0.237,5.511,1.236,0.34
721,26,46,28,7,0.636,1.23,6,9.33,6.64,347,3083,50.87,0.205,18.34,2.316,0.43
722,40,32,28,7.7,0.384,1.58,9.3,11.01,4.14,279,689,12.9,0.172,6.297,1.107,0.35
723,38,24,38,7.79,0.306,2.3,19.8,7.66,2.1,242,636,18.52,0.199,6.601,1.094,0.41
724,40,24,36,7.74,0.439,1.98,4.5,13.87,2.06,221,632,13.41,0.294,7.102,1.024,0.79
725,52,20,28,7.83,0.457,2.22,4.5,5.42,1.5,170,386,15.42,0.298,5.791,1.273,0.33
726,24,56,20,6.76,0.542,1.59,0,19.86,16.2,205,2578,29.61,0.5,17.98,2.307,0.16
727,62,12,26,7.75,0.785,1.36,4.5,31.66,7.25,137,228,8.523,0.692,6.807,0.51,0.16
728,36,38,26,5.02,0.244,2.1,0,9.16,13.44,189,1873,61.9,0.771,26.16,2.093,0.49
729,32,46,22,5.94,0.611,2.27,0,26.42,20,330,3730,54.84,0.687,29.78,3.864,0.36
730,38,34,28,7.64,0.363,2.51,25.3,9.77,5.59,364,1079,16.71,0.525,6.551,0.843,0.26
731,26,42,32,7.64,0.327,2.63,27,8.89,8.72,438,897,13.95,0.462,7.025,1.418,0.15
732,22,50,28,7.38,0.447,2.98,10,10.96,19.87,692,1854,26.45,0.573,18.45,1.503,0.15
733,28,36,36,7.66,0.505,2.8,20.3,20.56,11.6,443,1044,21.56,0.432,8.006,1.09,0.2
734,54,18,28,5.74,0.472,2.18,0,21.22,12.63,182,668,48.57,1.519,45.67,3.239,0.37
735,44,14,42,6.26,0.415,1.88,0,15.28,27.33,260,359,45.05,1.478,23.84,1.24,0.36
736,50,14,36,6.02,0.279,2.19,0,12.02,15.05,140,696,84.33,1.323,17.15,1.883,0.37
737,48,14,38,5.64,0.275,1.57,0,16.2,22.42,226,465,97.29,2.211,22.6,2.722,0.79
738,48,12,40,5.57,0.209,2.16,0,6.6,6.76,166,550,79.65,1.188,25.68,1.923,0.37
739,58,8,34,5.93,0.332,1.65,0,6.96,6.54,134,204,99.34,1.166,28.2,1.248,0.29
740,20,48,32,7.48,0.684,2.71,22,45.44,14.03,335,350,13.75,0.964,6.777,1.895,0.15
741,42,38,20,7.24,0.471,1.83,5,16.82,8.86,327,3674,26.36,0.714,12.1,0.831,0.26
742,18,54,28,6.92,1.581,2.01,5.3,42.23,18.46,753,2781,35.93,0.948,15.56,19.65,0.21
743,22,50,28,6.03,0.372,1.64,0,17.13,7.55,292,3448,59.83,0.808,13.18,1.646,0.43
744,44,22,34,5.93,0.503,1.83,0,25.49,5.61,278,617,34.18,1.009,49.56,1.369,0.45
745,42,34,24,5.14,0.441,2.42,0,24.7,12.77,435,1778,90.58,0.592,45,2.322,0.71
746,36,32,32,7.66,0.454,2.04,39.6,16.38,10.85,386,633,8.918,0.239,5.028,1.022,0.15
747,22,48,30,7.62,0.335,2.25,15,4.93,6.09,362,510,16.81,0.19,9.017,1.132,0.17
748,24,52,24,7.64,0.365,2.6,11.8,9.51,9.07,439,681,19.47,0.315,9.795,1.344,0.21
749,36,36,28,7.8,0.334,2.24,44,5.59,7.25,285,346,13.77,0.195,7.187,0.937,0.14
750,22,56,22,7.15,0.402,2.53,6.3,8.32,13.64,500,2072,26.24,0.345,17.42,1.353,0.19
751,36,32,32,7.74,0.441,2.8,17.8,8.63,20.61,532,924,12.81,1.175,8.147,2.359,0.17
752,40,40,20,7.34,0.382,3,6,9.38,45.07,764,4709,50.95,1.191,9.548,0.91,0.37
753,38,38,24,7.61,0.377,2.32,8.5,8.23,28.6,513,4836,20.53,0.684,6.063,0.946,0.26
754,40,28,32,7.8,0.488,2.3,11.8,3.74,4.63,389,403,8.04,0.392,9.711,1.066,0.22
755,50,20,30,7.82,0.528,3.79,19.5,8.32,20.88,419,489,8.622,0.816,7.68,0.712,0.37
756,24,36,40,7.65,0.348,2.44,25.3,8.94,6.28,313,243,12.8,0.307,5.569,1.175,0.14
757,24,18,58,7.88,0.353,2.71,34.3,13.21,5.36,204,193,12.93,0.238,5.735,0.768,0.15
758,16,38,46,7.7,0.401,2.65,5.8,15.19,6.26,383,371,14.62,0.23,6.218,1.244,0.15
759,26,26,48,7.68,0.946,2.69,22.3,53.54,38.43,1211,373,11.13,1.084,5.503,1.121,0.29
760,26,44,30,7.46,0.373,2.05,3,7.93,17.13,398,1038,29.44,0.39,9.013,1.442,0.17
761,24,40,36,7.58,1.46,2.86,25.8,24.22,22.38,849,1224,19.48,1.07,7.394,1.603,0.52
762,18,36,46,7.45,2.882,3.2,24.5,120.64,35.09,967,607,20.75,2.169,6.631,3.909,1.26
763,20,26,54,7.64,1.786,3.19,36.6,33.33,38.69,863,545,11.52,0.664,4.717,1.455,1.03
764,30,36,34,6.08,0.462,2.94,0,16.51,8.7,414,919,64.61,1.127,35.97,2.443,0.44
765,22,44,34,6.72,0.576,2.65,0,5.11,60.72,655,1635,41.11,5.581,17.53,7.741,0.48
766,36,34,30,5.73,0.246,2.25,0,9.11,4.53,279,1353,69.76,0.576,14.31,1.681,0.3
767,30,36,34,7.15,0.375,1.8,4.8,3.17,6.27,332,729,21.71,0.383,14.69,11.43,0.14
768,24,44,32,7.05,0.58,1.71,4.3,7.57,5.78,378,1397,39.5,0.362,15.68,2.609,0.15
769,36,36,28,7.3,0.449,2.11,10.3,6.74,5.12,381,967,20.43,0.294,10.4,2.206,0.11
770,34,36,30,7.32,0.372,1.74,9,7.22,6.31,417,639,21.16,0.349,7.852,2.183,0.14
771,30,38,32,7.73,0.383,2.08,15.3,5.33,5.3,437,1034,14.01,0.453,6.747,3.573,0.27
772,36,38,26,7.87,0.31,2.04,23,6.3,9.11,522,1166,13.11,0.289,5.346,1.339,0.13
773,38,38,24,7.71,0.311,1.55,6.8,9.07,5,360,2014,17.38,0.22,7.267,1.503,0.12
774,28,36,36,7.79,0.438,1.69,21,6.52,8.55,335,267,12.38,0.476,5.381,2.298,0.11
775,28,38,34,7.75,0.515,1.49,24.8,3.52,4.86,367,296,13.35,0.668,6.931,1.635,0.12
776,44,34,22,7.72,0.43,1.42,27,4.32,5.21,452,221,11.8,0.391,5.524,1.332,0.12
777,26,46,28,6.72,0.454,2.08,0,7.66,20.67,395,500,38.07,0.394,26.48,1.468,0.33
778,40,28,32,7.79,0.343,1.38,30,5.2,4.14,286,154,12.79,0.241,6.328,0.603,0.12
779,34,28,38,7.63,1.135,1.87,24.3,17.13,6.9,582,164,10.73,0.439,5.39,1.141,0.26
780,16,38,46,7.73,0.393,1.72,46.3,3.92,7.93,335,572,11.61,0.263,3.77,2.195,0.27
781,20,34,46,7.8,0.388,2.66,36.3,10.35,3.68,622,425,12.59,0.371,5.44,5.717,0.3
