,Thickness_ft,Bulk Density_gg per cc,Resistivity_ohmsm,Effective Porosity_Fraction,Clay Volume_ Fraction,Water Saturation_Fraction,TOC_Fraction
0,219.7137448,2.41515072,3.1518406400000005,0.0669732,0.2289488,0.46648639999999997,0.05782831499999999
1,160.30860560000002,2.4308985599999997,3.16033016,0.0347904,0.2970784,0.5443288000000001,0.051316125000000004
2,149.94493440000002,2.4246652799999997,4.0879332,0.06216719999999999,0.31172,0.4267128,0.055787865
3,209.8118896,2.39423232,2.88925104,0.08748,0.2279576,0.47911200000000004,0.057744855
4,167.49216320000002,2.42024448,2.88188576,0.057663599999999995,0.302924,0.523564,0.052154370000000005
5,233.5362064,2.41225152,2.9326304800000003,0.0662412,0.22956880000000002,0.4678584,0.058086195
6,124.47970000000001,2.41733952,3.4598252,0.0545328,0.2885256,0.44933680000000004,0.05392977
7,167.49216320000002,2.42024448,2.88188576,0.057663599999999995,0.302924,0.523564,0.052154370000000005
8,140.5978512,2.39150304,3.2474540800000002,0.0839496,0.26478480000000004,0.3680968,0.055716600000000005
9,208.976196,2.38772736,2.3758051200000003,0.094164,0.2708344,0.4684704,0.05695254
10,116.23868399999999,2.41471968,2.77917016,0.0494904,0.31421520000000003,0.3918208,0.052847415
11,164.6897464,2.44313088,3.4673152799999998,0.040060799999999994,0.32750880000000004,0.5488352,0.05340033
12,164.6897464,2.44313088,3.4673152799999998,0.040060799999999994,0.32750880000000004,0.5488352,0.05340033
13,135.93597440000002,2.4313468799999995,4.0567488,0.0493848,0.3325312,0.4646608,0.052913865
14,112.9632328,2.43255936,4.0053592799999995,0.041729999999999996,0.3247816,0.474928,0.043262085
15,162.05369840000003,2.39077728,3.60454848,0.0938064,0.1698224,0.4067944,0.05637522
16,98.44632560000001,2.4543014399999996,4.034484480000001,0.046571999999999995,0.2864608,0.5418888000000001,0.058105710000000005
17,140.27833280000002,2.4123158399999998,4.056416,0.0607812,0.2861384,0.3884264,0.056070554999999994
18,128.70915520000003,2.4267052799999997,5.205029440000001,0.0482916,0.2518768,0.4288448,0.048513765
19,134.8084592,2.41979808,3.82148832,0.0510696,0.2478304,0.4409304,0.045786345
20,96.1943728,2.43956832,3.8806404,0.063042,0.1915552,0.4000344,0.05190531
21,127.49824240000001,2.4165168,3.42594928,0.07577519999999999,0.24714800000000003,0.3645336,0.058215674999999995
22,64.593756,2.4359088,7.130901440000001,0.0507564,0.3323688,0.35331280000000004,0.05418585
23,158.5878176,2.3943168,3.88513528,0.088626,0.204188,0.4062448,0.056205660000000005
24,147.314636,2.4067488,3.84755488,0.0710952,0.2743264,0.4499792,0.055693799999999995
25,143.5598512,2.39584704,2.61280968,0.08084039999999999,0.220796,0.3826872,0.056881455
26,140.254956,2.3962415999999997,2.72990952,0.0793068,0.2302656,0.3719912,0.05653821
27,160.1748904,2.43648864,3.07903024,0.039402,0.30777600000000005,0.5118472,0.050595135000000006
28,100.98078000000001,2.40895008,4.01115,0.0729552,0.25134080000000003,0.3616008,0.052641600000000004
29,109.65733680000001,2.43153696,3.4583026400000003,0.04842,0.21797840000000002,0.43430640000000004,0.051803010000000003
30,109.25596960000001,2.4322281599999998,3.5597057600000004,0.0483828,0.2133384,0.4281872,0.051735165
31,180.87089840000002,2.4379535999999997,3.02731416,0.046992,0.3139432,0.5190472,0.05631510000000001
32,159.79971920000003,2.4266064000000003,3.1244512,0.056417999999999996,0.29293600000000003,0.5109752000000001,0.052424715000000004
33,150.8331424,2.42336448,2.8002832,0.0560988,0.226256,0.5032928,0.05166912
34,168.47711200000003,2.42028576,2.9273368800000004,0.057852,0.30781200000000003,0.5216120000000001,0.052387455
35,140.5546144,2.43063744,5.54888984,0.08093879999999999,0.2321744,0.29193440000000004,0.058956225
36,142.0377688,2.42336448,3.94062448,0.05727959999999999,0.298408,0.44357680000000005,0.05494293
37,101.2015808,2.4752284799999997,3.017378,0.0394608,0.2667568,0.6111048000000001,0.0581196
38,225.23706080000002,2.4194131199999998,2.4865588800000005,0.072186,0.20702240000000002,0.5225752,0.055730924999999994
39,67.5200624,2.45694432,4.7990488000000004,0.0457572,0.3023128,0.5670368,0.05749309500000001
40,151.860388,2.4064867199999997,3.25291824,0.074994,0.2445032,0.4151368,0.055871025000000005
41,165.710388,2.42006016,2.7716468,0.05739,0.29430480000000003,0.5257240000000001,0.051706875000000006
42,135.1526856,2.4389443199999996,3.8839559200000005,0.0503124,0.3138664,0.4860744000000001,0.05169498
43,139.3744752,2.42917152,3.19519304,0.054084,0.3310136,0.4438864,0.05452038
44,133.47625760000003,2.42399904,4.49239856,0.058106399999999996,0.2246112,0.3130816,0.054151229999999995
45,137.447168,2.3933039999999997,3.52332656,0.08034119999999999,0.2610288,0.3655248,0.05536932
46,145.75379600000002,2.4241392,3.6473060000000004,0.0644508,0.2777208,0.42696560000000006,0.056150114999999994
47,115.12650160000001,2.41716096,3.9145683200000003,0.0591648,0.2263328,0.40007760000000003,0.05544777
48,141.0777224,2.42052096,3.63388584,0.06673079999999999,0.2782088,0.431396,0.042700169999999996
49,146.94748560000002,2.44197024,3.6423400000000004,0.06140999999999999,0.3000952,0.46287839999999997,0.038093385
50,132.1628664,2.4250060799999997,4.97795376,0.08085959999999999,0.2377952,0.2934136,0.056732595
51,124.27990720000001,2.4144470399999998,4.12799816,0.07832399999999999,0.24582160000000003,0.3460032,0.052474860000000005
52,141.0777224,2.42052096,3.63388584,0.06673079999999999,0.2782088,0.431396,0.042700169999999996
53,132.2694336,2.41895136,3.85565544,0.0561324,0.24578080000000002,0.43362239999999996,0.04598146499999999
54,141.38557120000002,2.43325056,4.829484400000001,0.0648048,0.20281920000000003,0.3216576,0.057214860000000006
55,132.1628664,2.4250060799999997,4.97795376,0.08085959999999999,0.2377952,0.2934136,0.056732595
56,162.05369840000003,2.39077728,3.60454848,0.0938064,0.1698224,0.4067944,0.05637522
57,133.2016848,2.43715584,3.8497628,0.0605808,0.2295968,0.37338000000000005,0.057319755
58,139.18848880000002,2.43125856,5.33967096,0.05766,0.2857536,0.4339752,0.051344775
59,120.0615112,2.41769568,3.69856552,0.0643512,0.23631760000000002,0.399028,0.056955225
60,139.84343280000002,2.44278336,4.34439096,0.046665599999999995,0.2887224,0.48082880000000006,0.043249424999999994
61,100.91953760000001,2.42850528,3.6160914400000004,0.0652656,0.20011920000000002,0.3851952,0.054971414999999996
62,213.52849120000002,2.3918217599999996,2.4560536,0.0869832,0.29158080000000003,0.45774960000000003,0.05627148
63,106.3105592,2.42434272,4.64635704,0.0582504,0.2809336,0.38399200000000006,0.05282307
64,350.0680176,2.43962976,2.30872928,0.0568356,0.3975224,0.570528,0.044056005
65,151.8324832,2.3987184,2.29819512,0.0798348,0.2669152,0.3758944,0.056265134999999994
66,143.1015872,2.432712,5.791670560000001,0.08001119999999999,0.2296688,0.29642240000000003,0.059469600000000004
67,354.9860592,2.4667103999999997,2.0361068,0.037778400000000004,0.17084560000000001,0.5779728000000001,0.034806210000000004
68,203.29466560000003,2.45992608,3.13018784,0.031824,0.2973432,0.5284664,0.05673933
69,171.53172640000003,2.42242176,2.9111898400000005,0.058734,0.28881280000000004,0.5033304000000001,0.056261519999999995
70,163.32299840000002,2.40379872,3.47817496,0.0700512,0.29980080000000003,0.45223040000000003,0.05509668
71,154.00758080000003,2.43594528,2.99275496,0.0411804,0.302368,0.5067136,0.050983875000000005
72,211.0892336,2.3868604799999997,2.45600056,0.0953196,0.2466776,0.48236160000000006,0.057517605
73,224.2728272,2.41274688,2.80390032,0.059753999999999995,0.33012320000000006,0.5167496,0.05106231
74,166.58905040000002,2.4224927999999997,2.9608228,0.057497999999999994,0.3035256,0.5171928,0.052532655000000004
75,176.1389528,2.40839424,2.57346336,0.0729768,0.22499120000000003,0.44251120000000005,0.05421747
76,169.78378880000002,2.41835136,3.103152,0.05794679999999999,0.3230384,0.5218712,0.05255949
77,145.449304,2.43171648,3.2160752,0.056648399999999995,0.34048080000000003,0.44503519999999996,0.054507585
78,174.57876000000002,2.4139958399999997,3.14215824,0.061783199999999996,0.3263168,0.4961664,0.054044985
79,164.7509032,2.428488,3.5713631200000004,0.051528,0.32881760000000004,0.5232640000000001,0.05506272
80,55.105352800000006,2.43308736,6.3673771200000004,0.0542964,0.34057760000000004,0.3174616,0.050359455000000004
81,55.105352800000006,2.43308736,6.3673771200000004,0.0542964,0.34057760000000004,0.3174616,0.050359455000000004
82,77.086072,2.46793344,15.970624800000001,0.0189216,0.28548480000000004,0.683304,0.038564175
83,225.26076640000002,2.4088176,2.61786096,0.0681768,0.263272,0.5022752,0.057513195
84,50.218752800000004,2.4720595199999997,5.72607464,0.0632232,0.3217728,0.311556,0.033063209999999996
85,65.0038512,2.43586176,7.583162080000001,0.051156,0.3305296,0.3618632,0.054859245
86,143.5472776,2.4293183999999997,5.32447448,0.0660948,0.21096720000000002,0.2987184,0.05598984
87,209.2572752,2.38631232,2.41480096,0.096054,0.260896,0.47558,0.057221669999999995
88,348.69624,2.44066176,4.93747592,0.0513888,0.23848560000000002,0.5687584,0.051220815
89,175.82185040000002,2.39550432,2.5613920800000005,0.073164,0.2400912,0.4061856,0.053466360000000004
90,127.49824240000001,2.4165168,3.42594928,0.07577519999999999,0.24714800000000003,0.3645336,0.058215674999999995
91,57.79821200000001,2.48032608,7.355494640000001,0.042606,0.394968,0.4163272,0.04382968499999999
92,57.79821200000001,2.48032608,7.355494640000001,0.042606,0.394968,0.4163272,0.04382968499999999
93,106.3105592,2.42434272,4.64635704,0.0582504,0.2809336,0.38399200000000006,0.05282307
94,228.436328,2.41461408,3.23110216,0.061975199999999994,0.24290240000000002,0.4910976,0.05794302
95,179.0519896,2.4103008,3.12546832,0.0273336,0.19641200000000003,0.6214736000000001,0.051597525
96,116.69199200000001,2.434152,3.3571865599999997,0.04623119999999999,0.272936,0.4783968,0.051590910000000004
97,145.449304,2.43171648,3.2160752,0.056648399999999995,0.34048080000000003,0.44503519999999996,0.054507585
98,142.13508320000003,2.43679392,3.8865684000000003,0.0529464,0.30269840000000003,0.4891296,0.052102785000000006
99,118.8348632,2.39962848,4.0158924,0.08796839999999999,0.26053600000000005,0.32909600000000006,0.056310735
100,160.5464968,2.39777088,3.9145132000000005,0.0673812,0.20177679999999998,0.3485576,0.054663015
101,123.59314,2.4095308799999997,4.08232656,0.0781044,0.24928,0.37197040000000003,0.05104158
102,127.49824240000001,2.4165168,3.42594928,0.07577519999999999,0.24714800000000003,0.3645336,0.058215674999999995
103,94.684436,2.4461472,3.36907688,0.054582,0.2637336,0.452736,0.05604918
104,76.0902408,2.42562144,3.40597816,0.0252612,0.25433520000000004,0.3095352,0.056030505
105,408.15417520000005,2.4991401599999996,1.76797192,0.021566399999999996,0.3362896,0.6227912,0.0363195
106,177.68772,2.4061814399999997,3.05134544,0.07148639999999999,0.24748640000000002,0.4376280000000001,0.0552984
107,223.75939920000002,2.41495776,3.4842496,0.0630708,0.240108,0.47148480000000004,0.058447515
108,237.18420400000002,2.41339968,2.38876144,0.08235359999999999,0.20462400000000003,0.5108056000000001,0.05373566999999999
109,129.8199584,2.42210016,4.86907304,0.078636,0.24228960000000002,0.30334400000000006,0.055235715
110,129.3112912,2.41759008,4.810866320000001,0.076152,0.2496784,0.3152552,0.053854755000000004
111,146.3647584,2.4278592,3.67508648,0.0645564,0.2822288,0.4436768,0.041558925000000004
112,148.0774656,2.42353152,3.97190872,0.062982,0.2998464,0.42218,0.05598828
113,146.67657440000002,2.4534422399999998,4.3105951199999994,0.0442296,0.305692,0.5106064,0.037638525
114,146.67657440000002,2.4534422399999998,4.3105951199999994,0.0442296,0.305692,0.5106064,0.037638525
115,140.2411624,2.42049408,3.79488616,0.0375012,0.25646399999999997,0.4492528,0.04731999
116,121.51977520000001,2.43285024,3.3005492,0.049677599999999995,0.2778464,0.4681056,0.052752015
117,139.287036,2.42501184,4.44206464,0.0625644,0.209636,0.3156568,0.056099550000000005
118,160.5464968,2.39777088,3.9145132000000005,0.0673812,0.20177679999999998,0.3485576,0.054663015
119,125.133728,2.41727232,4.7579844,0.073764,0.2462744,0.3321096,0.052891829999999994
120,118.6394896,2.41692192,3.7399200800000005,0.0624372,0.23462960000000002,0.40274400000000005,0.05673984
121,131.50490720000002,2.39667552,3.30237648,0.07606199999999999,0.2909584,0.3443208,0.055305614999999995
122,127.38227520000001,2.4450239999999996,3.86348248,0.0511224,0.251088,0.48482320000000007,0.04547662500000001
123,167.58803680000003,2.41904064,3.34800128,0.056115599999999995,0.332064,0.5238248,0.052566375
124,202.30159920000003,2.46761952,3.74534576,0.0214068,0.3034776,0.6547936000000001,0.052225215
125,132.6225584,2.4242534399999998,4.26190856,0.05861999999999999,0.22613840000000002,0.31258720000000007,0.054617624999999996
126,238.23064,2.4234144,2.5118267199999997,0.053717999999999995,0.340492,0.5526992000000001,0.05032095
127,139.4581784,2.43802656,3.43322304,0.0535596,0.33513440000000005,0.46458640000000007,0.053372685
128,163.8047488,2.4310291200000003,3.2129021600000005,0.033713999999999994,0.29643440000000004,0.5481368,0.05113161
129,148.97443840000003,2.3894544,2.9626594400000004,0.0868992,0.2480232,0.38052480000000005,0.05608497
130,132.195288,2.42531712,4.986010640000001,0.081498,0.23697040000000003,0.29282400000000003,0.05707782
131,132.195288,2.42531712,4.986010640000001,0.081498,0.23697040000000003,0.29282400000000003,0.05707782
132,122.4280392,2.4055372800000003,3.70283576,0.0816756,0.2562264,0.3489688,0.057766095
133,124.51997040000002,2.40716256,4.476259840000001,0.0678744,0.26552560000000003,0.3801608,0.047385735000000005
134,124.51997040000002,2.40716256,4.476259840000001,0.0678744,0.26552560000000003,0.3801608,0.047385735000000005
135,92.79675280000001,2.4764592000000003,2.74181856,0.0409392,0.2674264,0.6001128,0.057803805
136,196.91794400000003,2.4066288,2.7788124,0.07117799999999999,0.272892,0.4326152000000001,0.057188055
137,69.29481200000001,2.43847296,6.16986552,0.046194,0.33718880000000007,0.35427200000000003,0.05142492
138,156.5109008,2.4325209599999997,3.07434816,0.037696799999999996,0.298772,0.5291032000000001,0.051372135000000006
139,224.60495600000002,2.4062361599999997,3.3972796,0.0717648,0.23112480000000002,0.4450448,0.058363395000000005
140,109.25596960000001,2.4322281599999998,3.5597057600000004,0.0483828,0.2133384,0.4281872,0.051735165
141,61.0997984,2.4355555200000003,6.373954080000001,0.049103999999999995,0.33800880000000005,0.3269472,0.0496827
142,104.814148,2.4536016,3.77644488,0.051566400000000005,0.2602,0.501004,0.057884519999999995
143,152.7115848,2.38948992,3.10379472,0.0877764,0.23294800000000004,0.38851600000000003,0.056184525
144,191.7539184,2.40399648,2.14981,0.0408996,0.2062232,0.6042704,0.051594795
145,195.25542000000002,2.42272032,3.05325384,0.0906048,0.2414888,0.48556160000000004,0.055826475
146,144.4209232,2.43125664,4.876976,0.0744924,0.22629280000000002,0.2930048,0.05852971500000001
147,131.4095336,2.4190367999999998,3.83250088,0.0516204,0.2952616,0.44098879999999996,0.05507428500000001
148,148.00734880000002,2.4537484800000002,4.37870056,0.0441948,0.30251680000000003,0.5089184000000001,0.038035245
149,142.84676480000002,2.41205088,3.7137776,0.0480972,0.26238880000000003,0.42103520000000005,0.048263759999999996
150,125.22900400000002,2.41251264,4.9584600000000005,0.0652644,0.25781040000000005,0.37484000000000006,0.04937894999999999
151,147.6376096,2.4339062399999998,5.97187864,0.0705348,0.21176879999999998,0.300364,0.058379355
152,140.334216,2.4339494399999997,4.26343736,0.05098439999999999,0.3103072,0.47925360000000006,0.052015275
153,220.0987792,2.44837632,2.90688528,0.04272479999999999,0.2689552,0.4881104,0.05744598
154,135.80231920000003,2.43310464,4.16342888,0.048708,0.3303296,0.47293040000000003,0.05223552
155,138.655908,2.416248,3.81602416,0.048886799999999994,0.2497184,0.4373696,0.045987375
156,54.9383728,2.43408,7.11791704,0.055449599999999995,0.3260248,0.3734328,0.05491644
157,96.67406,2.42998176,4.68042016,0.0656364,0.25699679999999997,0.360836,0.05622285
158,62.901831200000004,2.4418128,5.32225928,0.0523284,0.3162496,0.5117352000000001,0.057016935000000005
159,120.7142336,2.42408256,4.274513359999999,0.038012399999999995,0.2982728,0.4842176,0.04081245
160,120.7142336,2.42408256,4.274513359999999,0.038012399999999995,0.2982728,0.4842176,0.04081245
161,151.9957032,2.39527104,2.7376283999999997,0.0810972,0.15842,0.3996616,0.057043155
162,151.9957032,2.39527104,2.7376283999999997,0.0810972,0.15842,0.3996616,0.057043155
163,172.2411624,2.41834368,3.2561724,0.0619296,0.28303280000000003,0.4524752000000001,0.050759069999999996
164,136.55629919999998,2.438712,3.94485312,0.050878799999999995,0.3126912,0.4856224,0.051785385
165,139.46407440000002,2.41750272,3.7846796,0.044656799999999996,0.25213040000000003,0.44221760000000004,0.046332675000000004
166,62.9588136,2.435304,7.5896308800000005,0.052152,0.32974000000000003,0.35890240000000007,0.054815295
167,146.4505128,2.4051379199999996,3.96722872,0.0728124,0.2683784,0.44246720000000006,0.05582178000000001
168,231.85292960000004,2.4195407999999996,2.78530096,0.065862,0.28280560000000005,0.5067048,0.051191895
169,153.3420408,2.4054144,3.2096500800000003,0.07626,0.2448784,0.41715840000000004,0.055961175
170,153.3420408,2.4054144,3.2096500800000003,0.07626,0.2448784,0.41715840000000004,0.055961175
171,127.1114504,2.42785728,5.08919528,0.047664,0.2481344,0.4252424000000001,0.04870215
172,145.654956,2.4323471999999997,5.1900004,0.0734628,0.2227112,0.2940776,0.058651499999999995
173,94.471124,2.429232,3.78694576,0.07558079999999999,0.21138720000000003,0.37262080000000003,0.05490816
174,148.90539520000002,2.40636384,3.9269536800000004,0.0729336,0.23907520000000002,0.42833119999999997,0.056123114999999994
175,173.0192016,2.3984304,3.3332416,0.0902712,0.1695424,0.4434776,0.05586927
176,137.8644896,2.4249561600000002,3.8074504,0.0797856,0.271324,0.3703288,0.05108319
177,105.189844,2.41108608,5.75953144,0.0682572,0.2941608,0.30086640000000003,0.053020065
178,452.2696288,2.4181257599999997,5.30391368,0.06540839999999999,0.2068984,0.35851920000000004,0.035312205000000006
179,180.36629600000003,2.3948697599999997,2.16103056,0.0718392,0.25576400000000005,0.4120576,0.053881095000000004
180,124.5523928,2.4165436799999997,4.61319664,0.0629856,0.2476152,0.3792704,0.050198835
181,124.5523928,2.4165436799999997,4.61319664,0.0629856,0.2476152,0.3792704,0.050198835
182,121.6237552,2.432736,3.44072456,0.0430356,0.3278584,0.4748144,0.050942775
183,160.10616480000002,2.4572937599999998,4.42870792,0.0500688,0.2931672,0.4928488,0.03911262
184,127.1114504,2.42785728,5.08919528,0.047664,0.2481344,0.4252424000000001,0.04870215
185,126.54178480000002,2.4399744,3.66569528,0.057488399999999995,0.2468264,0.4131368,0.057112514999999996
186,128.5888672,2.44104288,3.5507024800000004,0.0590208,0.24250720000000003,0.41189200000000004,0.057477225
187,130.270276,2.41206048,4.2044391999999995,0.0734676,0.212688,0.4245272,0.05308293
188,165.27917520000003,2.4242006399999996,3.16814888,0.053526,0.3261064,0.5301264,0.051756855000000004
189,125.31081520000001,2.41586592,4.0693224,0.0733476,0.24503200000000003,0.3633448,0.051094845
190,133.03186000000002,2.3995392,2.9597484800000005,0.07082039999999999,0.3069488,0.34915280000000004,0.055396155
191,123.8149416,2.4085142399999997,4.629183520000001,0.072318,0.2651344,0.33806,0.05061644999999999
192,163.04580080000002,2.43307488,3.1606629600000002,0.0354252,0.3016272,0.5364056,0.05096361
193,210.6709472,2.46045216,3.00664,0.032857199999999996,0.2905184,0.5067912,0.057110715
194,226.804468,2.4074543999999998,3.4546699199999997,0.0702288,0.2315608,0.44900960000000006,0.0584346
195,59.46734000000001,2.4345369599999995,6.78645136,0.0530796,0.33245600000000003,0.3437616,0.053523825
196,143.5989744,2.42133216,3.5395692800000003,0.065964,0.2651656,0.4383208,0.05615265
197,55.5789736,2.4799968,7.867632240000001,0.061352399999999994,0.32874000000000003,0.2744544,0.030830415000000003
198,106.8007936,2.3891174399999997,3.88245104,0.0925368,0.26716880000000004,0.34798320000000005,0.055609139999999994
199,165.75648160000003,2.4335424,3.53484352,0.045762000000000004,0.34544400000000003,0.5343272,0.05441382
200,170.6351072,2.3961072,2.7438995999999998,0.073764,0.231296,0.4067664,0.05301705
201,75.37961440000001,2.44381152,1.73021368,0.030147599999999997,0.3243528,0.5017928,0.043862189999999995
202,130.56225600000002,2.43875808,4.94342368,0.034946399999999996,0.2510128,0.453592,0.04818033
203,148.22307120000002,2.4098985600000002,3.4825596,0.07055159999999999,0.23985840000000003,0.4309976,0.05624859000000001
204,131.71873760000003,2.40502176,4.69959984,0.0752208,0.24780880000000002,0.3680576,0.050864145
205,137.919812,2.3978179199999996,4.31548832,0.0619548,0.23198080000000001,0.3218936,0.055619924999999994
206,148.90539520000002,2.40636384,3.9269536800000004,0.0729336,0.23907520000000002,0.42833119999999997,0.056123114999999994
207,139.84343280000002,2.44278336,4.34439096,0.046665599999999995,0.2887224,0.48082880000000006,0.043249424999999994
208,123.48125040000001,2.4078931199999998,4.667062400000001,0.0715128,0.2654608,0.3456656,0.050028405000000005
209,104.80318640000002,2.4524016,4.04963624,0.0482868,0.2786672,0.5250416000000001,0.05813433
210,91.49328000000001,2.48108256,2.7296983999999997,0.039077999999999995,0.2674992,0.6183008000000001,0.057840015
211,164.4999752,2.4092169599999997,3.6109632,0.0600816,0.331828,0.4854328,0.054496514999999995
212,109.25596960000001,2.4322281599999998,3.5597057600000004,0.0483828,0.2133384,0.4281872,0.051735165
213,230.76306160000001,2.4120950399999996,3.51620568,0.0644088,0.2352248,0.4755888,0.058179854999999996
214,230.76306160000001,2.4120950399999996,3.51620568,0.0644088,0.2352248,0.4755888,0.058179854999999996
215,229.23149440000003,2.41033728,2.6783494400000003,0.0614232,0.3470856,0.5249992,0.05111382
216,146.82014160000003,2.389728,2.98152712,0.0864564,0.2542096,0.37655360000000004,0.056020244999999996
217,126.8671384,2.41532256,4.94764712,0.0730104,0.2524136,0.3338424,0.052482495
218,219.4758304,2.39246688,2.51742504,0.0891444,0.2283264,0.4889752,0.057790274999999995
219,225.30017120000002,2.4159888,2.81324472,0.0592536,0.3239192,0.5143776,0.050976284999999996
220,103.64587440000001,2.43628032,3.46301384,0.049260000000000005,0.24373680000000003,0.4638208,0.052576785
221,166.12993200000003,2.4379104,3.53073344,0.04285919999999999,0.3469816,0.5425728000000001,0.05431413
222,137.8286376,2.4094694399999996,4.05356016,0.0606072,0.2791808,0.3794,0.056097375000000005
223,196.91794400000003,2.4066288,2.7788124,0.07117799999999999,0.272892,0.4326152000000001,0.057188055
224,126.8703368,2.42480928,4.2589372800000005,0.0514812,0.2448112,0.42022880000000007,0.04824790500000001
225,126.50747040000002,2.4231695999999996,5.1440688,0.052668,0.2504264,0.4125344,0.04886134500000001
226,56.0492672,2.4648672,7.35348224,0.0463536,0.4011736,0.37909760000000003,0.04417974
227,62.09695440000001,2.4360806399999997,6.248427120000001,0.0480432,0.33835760000000004,0.33098000000000005,0.048994245000000006
228,143.5295776,2.4391056,5.210417680000001,0.0691656,0.21022400000000002,0.33597760000000004,0.05897233500000001
229,139.76361119999999,2.43361152,5.09394912,0.058144799999999996,0.2875184,0.43911600000000006,0.05102529000000001
230,94.2392456,2.44985184,4.11970416,0.0480216,0.2938424,0.5308664000000001,0.05804988
231,137.6294312,2.39446176,4.35083688,0.0629508,0.24007040000000002,0.33793760000000006,0.055866570000000004
232,136.262268,2.41745664,3.8406607200000002,0.051685199999999994,0.2475088,0.4379288,0.045752310000000004
233,233.2045656,2.44756608,2.74981928,0.0404784,0.37256,0.5163264,0.050272515000000004
234,104.087988,2.4316848,4.95936688,0.036191999999999995,0.34521440000000003,0.4557504,0.03992685
235,104.087988,2.4316848,4.95936688,0.036191999999999995,0.34521440000000003,0.4557504,0.03992685
236,141.6626224,2.4377855999999998,3.86246328,0.0530112,0.30831600000000003,0.4879776,0.052189575
237,164.6897464,2.44313088,3.4673152799999998,0.040060799999999994,0.32750880000000004,0.5488352,0.05340033
238,165.2890744,2.4054835199999998,3.39936896,0.0678708,0.3040904,0.45955760000000007,0.055027425
239,120.4989376,2.45438688,4.286658480000001,0.0447792,0.272224,0.47213760000000005,0.042159285000000005
240,152.8222288,2.42860896,3.5750114400000004,0.05955959999999999,0.32986080000000007,0.45051759999999996,0.05487711
241,101.787152,2.4541699199999996,3.74610288,0.0518388,0.2597936,0.4990584,0.057776175
242,106.3105592,2.42434272,4.64635704,0.0582504,0.2809336,0.38399200000000006,0.05282307
243,198.7029296,2.4231465599999997,2.8125593600000003,0.090924,0.232084,0.5085616000000001,0.05525094
244,127.1114504,2.42785728,5.08919528,0.047664,0.2481344,0.4252424000000001,0.04870215
245,126.4042968,2.4207984,3.64819832,0.068322,0.30552320000000005,0.4193656,0.04039120499999999
246,129.50551760000002,2.42720736,3.223402,0.0681696,0.2403616,0.39028640000000003,0.058126755
247,174.4892336,2.4190608,2.95664616,0.059784000000000004,0.3259344,0.5003536000000001,0.05385820499999999
248,107.9835568,2.4079065600000003,4.2668048800000005,0.0853236,0.22993280000000002,0.390068,0.053661600000000004
249,222.0494384,2.39532576,2.56938864,0.07785959999999999,0.305472,0.4578256,0.055496835
250,139.885852,2.43307488,4.318548,0.0505512,0.3160624,0.47564960000000006,0.05215477500000001
251,120.22515840000001,2.42097792,3.56518864,0.0441168,0.2437376,0.34790960000000004,0.053374784999999994
252,125.4530032,2.4110620799999998,3.60360728,0.07944,0.25197759999999997,0.35272480000000006,0.05808966
253,97.2998776,2.40422784,5.27092176,0.08028,0.28423600000000004,0.24709520000000001,0.052691999999999996
254,141.8140136,2.41890816,3.7931472800000003,0.0622692,0.277676,0.4316024,0.055385205
255,224.5602296,2.41346112,3.1193292,0.0673452,0.22769040000000002,0.4633880000000001,0.05796666
256,164.220508,2.42590464,3.1875116,0.0525468,0.3221432,0.5294648,0.051684719999999996
257,166.45850800000002,2.40929664,3.33940152,0.0629016,0.31726640000000006,0.4763976000000001,0.054843
258,219.1444584,2.3931888,2.63736512,0.0886536,0.223724,0.480676,0.057841755
259,164.3981568,2.4066201599999997,3.5821136,0.0625992,0.32531360000000004,0.47642080000000003,0.054654434999999994
260,111.58120080000002,2.40246432,3.39339728,0.0625584,0.3055256,0.3688576,0.047517765000000003
261,111.58120080000002,2.40246432,3.39339728,0.0625584,0.3055256,0.3688576,0.047517765000000003
262,60.265399200000004,2.4351139199999996,6.4233884,0.0500544,0.33752080000000007,0.3249904,0.050367344999999994
263,101.2015808,2.4752284799999997,3.017378,0.0394608,0.2667568,0.6111048000000001,0.0581196
264,269.38068880000003,2.42614272,2.53548256,0.052957199999999996,0.3536536,0.5549400000000001,0.04929402000000001
265,117.63066400000001,2.44199712,2.70433904,0.0494712,0.33678880000000005,0.5296624000000001,0.04088188499999999
266,248.2844968,2.4076147199999998,2.42079344,0.0675936,0.3361264,0.5177568,0.05149584
267,141.6626224,2.4377855999999998,3.86246328,0.0530112,0.30831600000000003,0.4879776,0.052189575
268,224.4840088,2.4034608,2.6158236,0.0752556,0.2498312,0.4970408,0.057698549999999994
269,163.2112184,2.4271920000000002,3.19923344,0.0519036,0.3152552,0.5273128,0.051649200000000006
270,226.804468,2.4074543999999998,3.4546699199999997,0.0702288,0.2315608,0.44900960000000006,0.0584346
271,93.6178464,2.4174556799999998,2.51354168,0.054792,0.3782272,0.4927992,0.045151845
272,55.16405600000001,2.42615904,7.257500640000001,0.0555264,0.36804000000000003,0.280916,0.04176912
273,112.66630880000001,2.4317769599999997,4.14565112,0.0422592,0.32501440000000004,0.46971920000000006,0.043766204999999996
274,109.2633304,2.42965344,4.014348,0.0481932,0.27563360000000003,0.4536232,0.049865009999999994
275,209.65417520000003,2.38674624,2.46945712,0.0955848,0.2524656,0.48013839999999997,0.057444945
276,166.7260864,2.41982976,2.8115484800000003,0.057356399999999995,0.30278960000000005,0.5266784000000001,0.051734039999999995
277,218.0451416,2.422464,2.6563315999999997,0.0656688,0.22008800000000003,0.5156512000000001,0.056732370000000004
278,146.43604720000002,2.4265382399999997,4.1159216800000005,0.058423199999999995,0.32538960000000006,0.4280352,0.055305795
279,124.83582799999999,2.41825632,4.73092984,0.0750888,0.24476960000000003,0.3275352,0.05325405
280,133.3611576,2.4216211199999997,3.80128528,0.0513948,0.2478328,0.44084880000000004,0.04590492
281,95.7854984,2.43826944,3.77390208,0.0650736,0.1957048,0.40102560000000004,0.051979245
282,167.34879120000002,2.4005712,2.982954,0.06900479999999999,0.24574400000000002,0.41292720000000005,0.05181516
283,126.9272952,2.43022176,3.48128456,0.0627612,0.2409824,0.4097752,0.057693765
284,133.440784,2.4115152,3.69670184,0.0695676,0.2735056,0.41139440000000005,0.04394679
285,153.7878176,2.40828768,3.46711352,0.0717264,0.22702239999999999,0.4114984,0.055845915
286,147.9520752,2.4333302399999996,3.21714328,0.056689199999999995,0.3418328,0.4554976,0.054166544999999997
287,131.2758304,2.4151372799999997,15.375918480000001,0.07330679999999999,0.25127760000000005,0.34548080000000003,0.051709830000000005
288,75.5634888,2.45649984,2.0023952,0.0195444,0.3005544,0.6227560000000001,0.041358404999999994
289,146.0328368,2.42905728,3.72591752,0.053872800000000005,0.2611816,0.4874216,0.05226345
290,146.0328368,2.42905728,3.72591752,0.053872800000000005,0.2611816,0.4874216,0.05226345
291,220.7944584,2.3940259200000003,2.33612704,0.083682,0.2705856,0.49084560000000005,0.0572172
292,213.3242672,2.45899872,3.0396256800000003,0.0338916,0.28184000000000003,0.507072,0.057168720000000006
293,152.614636,2.44076544,3.01986048,0.048305999999999995,0.30386080000000004,0.46516960000000007,0.04979736
294,141.6085328,2.43164544,4.30245296,0.051358799999999996,0.3091776,0.4733,0.052433925
295,227.7859864,2.39560896,2.67887672,0.075906,0.30484960000000005,0.4602656,0.05500419
296,135.80231920000003,2.43310464,4.16342888,0.048708,0.3303296,0.47293040000000003,0.05223552
297,149.8599976,2.43698976,2.9317288,0.044163600000000004,0.30028640000000006,0.49277680000000007,0.051026505
298,141.6626224,2.4377855999999998,3.86246328,0.0530112,0.30831600000000003,0.4879776,0.052189575
299,136.2034424,2.43784416,3.9864156800000003,0.0502992,0.3141032,0.48511680000000007,0.05168085000000001
300,173.76387920000002,2.43181536,3.12244088,0.0511548,0.3124592,0.5193064,0.056075564999999994
301,133.6821168,2.39492448,3.06916376,0.0803772,0.294312,0.35128000000000004,0.055926945000000006
302,222.38383760000002,2.39638944,2.3526932,0.0804012,0.27438080000000004,0.4930936,0.05714205
303,141.7749144,2.4266764800000002,5.07506896,0.0642648,0.21354320000000004,0.29951279999999997,0.054804254999999996
304,142.8727416,2.42784192,5.1884456,0.0650748,0.21067360000000002,0.2987272,0.05528049
305,142.8727416,2.42784192,5.1884456,0.0650748,0.21067360000000002,0.2987272,0.05528049
306,198.71915280000002,2.47155648,3.4312865599999998,0.0189072,0.3222496,0.6595824000000001,0.0523557
307,109.9208744,2.4341932799999997,4.21249608,0.0477864,0.2136568,0.4080976,0.051618044999999994
308,166.77343760000002,2.40791232,3.39922024,0.0839388,0.22362720000000003,0.42818080000000003,0.055781790000000005
309,132.4115968,2.42809056,3.24109344,0.051906,0.3104232,0.45098640000000007,0.05411668499999999
310,227.41291520000001,2.42014272,2.80362992,0.0592584,0.31599920000000004,0.5121984,0.05089761
311,167.7983888,2.41991712,3.1803917600000005,0.056178,0.327764,0.5266936000000001,0.052230375
312,154.5726808,2.4249571199999997,2.9655443999999997,0.0560004,0.2517624,0.5124856000000001,0.051822555
313,127.1882568,2.4393753599999997,3.3832947200000003,0.0493524,0.303692,0.48288320000000007,0.052145954999999994
314,172.04437280000002,2.4004896,3.3146932000000002,0.08793959999999999,0.1854304,0.4421632,0.055801575000000006
315,121.86403840000001,2.4264096,3.92817984,0.0564036,0.2454608,0.4295048000000001,0.05695257
316,133.7792728,2.4234,4.58455192,0.0579912,0.22473120000000002,0.3137816,0.053873235
317,160.15472400000002,2.39397504,3.90778856,0.090732,0.19053520000000002,0.40803120000000004,0.056230665
318,132.4115968,2.42809056,3.24109344,0.051906,0.3104232,0.45098640000000007,0.05411668499999999
319,157.8717776,2.4561811199999997,3.9303212,0.0541764,0.29855200000000004,0.49113680000000004,0.037141875000000005
320,138.7190552,2.3938319999999997,4.34848336,0.0627636,0.232668,0.3277624,0.055679160000000005
321,167.20247840000002,2.4203904,3.2795245600000005,0.055446,0.3308416,0.5267688,0.052328084999999996
322,164.5631224,2.4237743999999997,2.9956648800000005,0.057156,0.2993648,0.5155168,0.052493160000000004
323,221.07375520000002,2.41636896,3.4211434400000003,0.0621564,0.24676960000000003,0.4660616,0.058599689999999996
324,165.4114744,2.4063004799999996,3.4149034400000002,0.0652596,0.3135464,0.4676256000000001,0.05489046
325,153.6593752,2.4403276799999998,3.80293576,0.0604164,0.2881112,0.4620912,0.03947643
326,153.6593752,2.4403276799999998,3.80293576,0.0604164,0.2881112,0.4620912,0.03947643
327,97.45784320000001,2.4259267199999996,3.30152888,0.0566736,0.2505936,0.46961680000000006,0.054220515000000004
328,143.0335936,2.4320150399999996,4.152746,0.0521928,0.2942216,0.4800424,0.052241445
329,219.4758304,2.39246688,2.51742504,0.0891444,0.2283264,0.4889752,0.057790274999999995
330,97.38938560000001,2.41765056,4.26981568,0.0860784,0.2347184,0.36547040000000003,0.05490725999999999
331,144.8953976,2.4233903999999997,3.50770992,0.06532199999999999,0.2668496,0.42901360000000005,0.05621007000000001
332,105.37189920000002,2.4651888,3.2348212000000003,0.0444864,0.26466080000000003,0.563316,0.058075485
333,105.37189920000002,2.4651888,3.2348212000000003,0.0444864,0.26466080000000003,0.563316,0.058075485
334,63.8421568,2.4355872,7.3637491200000005,0.051482400000000005,0.33108080000000006,0.3558864,0.05452536
335,237.873364,2.40856032,2.38931992,0.0825444,0.2123776,0.5069136000000001,0.054003569999999994
336,141.01239040000002,2.4392351999999997,3.6218447200000004,0.053736,0.3319896,0.4732016,0.053014095000000004
337,145.75379600000002,2.4241392,3.6473060000000004,0.0644508,0.2777208,0.42696560000000006,0.056150114999999994
338,118.69195520000001,2.42687424,3.32611968,0.0516516,0.2578112,0.4466112,0.053594325
339,120.1507688,2.454072,4.19837808,0.044224799999999995,0.2746104,0.4744568,0.042242865
340,133.8756344,2.40826752,4.69117896,0.07300079999999999,0.23909919999999998,0.3977432,0.053044455
341,132.3119504,2.4181584,4.17784328,0.074706,0.2492816,0.30567920000000004,0.05480625
342,112.39364,2.43090048,4.8713392,0.0461172,0.33839280000000005,0.44027120000000003,0.044913194999999996
343,166.6881344,2.43864768,3.51160472,0.042883199999999996,0.34636320000000004,0.5434208,0.054527385
344,127.49824240000001,2.4165168,3.42594928,0.07577519999999999,0.24714800000000003,0.3645336,0.058215674999999995
345,153.5143064,2.40298656,3.19254416,0.0780264,0.2450304,0.41436000000000006,0.05598018
346,124.8013064,2.41050336,4.8253410400000005,0.0662928,0.26036800000000004,0.3740816,0.048917999999999996
347,146.6770632,2.437296,6.0324264,0.0747504,0.2190448,0.3164344,0.05976756
348,125.53309360000002,2.43882624,3.3278856,0.048894,0.2990456,0.48369600000000007,0.05208567
349,148.0774656,2.42353152,3.97190872,0.062982,0.2998464,0.42218,0.05598828
350,137.0779296,2.40626016,4.3890548,0.0704796,0.2403664,0.38894080000000003,0.04711971
351,152.9982296,2.40830592,3.3792044000000003,0.0726072,0.2347784,0.4140264,0.05584803
352,149.17066640000002,2.40456672,4.02152296,0.0733608,0.2745696,0.44198800000000005,0.05569776
353,126.5331424,2.41403136,4.01799424,0.0700248,0.2462976,0.3990728,0.04873620000000001
354,127.68281280000002,2.4269519999999996,3.32840768,0.0662808,0.24053840000000004,0.3976352,0.057886889999999996
355,344.37998080000006,2.45839296,4.22327048,0.03933,0.23940320000000004,0.5771968000000001,0.04924158
356,101.24634400000001,2.41082112,5.41865688,0.0724212,0.2643336,0.28291360000000004,0.055450335
357,101.24634400000001,2.41082112,5.41865688,0.0724212,0.2643336,0.28291360000000004,0.055450335
358,101.24634400000001,2.41082112,5.41865688,0.0724212,0.2643336,0.28291360000000004,0.055450335
359,475.9926272,2.4069244800000003,5.310844240000001,0.07398959999999999,0.2250936,0.3242992,0.0347391
360,114.4942752,2.4303561599999997,3.34880104,0.049401600000000004,0.24473440000000002,0.4572704,0.052522320000000004
361,76.845264,2.4827731199999996,4.8743156800000005,0.025589999999999998,0.3280888,0.5630456,0.04039486500000001
362,147.9520752,2.4333302399999996,3.21714328,0.056689199999999995,0.3418328,0.4554976,0.054166544999999997
363,101.97666000000001,2.4478915199999998,4.10197216,0.0555036,0.257904,0.46642400000000006,0.05767836
364,78.3719296,2.42733024,1.68045072,0.0329472,0.32497280000000006,0.48001920000000003,0.05084346
365,139.1611576,2.43423264,4.2765632,0.050416800000000005,0.3156528,0.4786936,0.051955020000000005
366,137.1533568,2.41443552,4.58275584,0.0606276,0.23131520000000003,0.32087360000000004,0.05282973
367,132.6670536,2.41097184,4.34894408,0.07281839999999999,0.2180352,0.42001200000000005,0.052762245
368,107.2569824,2.43865248,3.36502088,0.061742399999999996,0.2061304,0.4362144,0.04941981
369,225.1974856,2.4413308799999998,3.0348385600000003,0.047145599999999996,0.254996,0.48728879999999997,0.057565935
370,222.02565920000004,2.3931561599999998,2.28693088,0.0834732,0.2778856,0.48833360000000003,0.056980905
371,126.85939920000001,2.4395856,3.28982888,0.047095200000000004,0.3123944,0.49237200000000003,0.05136036000000001
372,97.88464320000001,2.4491174399999998,3.2812457600000005,0.0446004,0.238428,0.5126672,0.05352129
373,236.16496560000002,2.4078,2.5622074400000003,0.0653604,0.34378960000000003,0.5199368,0.05146974
374,126.85939920000001,2.4395856,3.28982888,0.047095200000000004,0.3123944,0.49237200000000003,0.05136036000000001
375,208.90617680000003,2.39673408,3.04059704,0.0847956,0.2270736,0.47603520000000005,0.057749535000000005
376,167.7370608,2.4177484799999998,3.00512368,0.0617964,0.30825040000000004,0.48108480000000003,0.054805215
377,142.278516,2.41743456,4.58138408,0.06297,0.2196608,0.2989168,0.05312583
378,144.9529904,2.4229046399999996,3.6369444800000004,0.064692,0.2717616,0.4181264,0.05623053000000001
379,156.1204464,2.426136,3.43058664,0.059887199999999995,0.3203456,0.46182160000000005,0.05486421
380,143.9975464,2.42525856,3.73483344,0.064134,0.27957200000000004,0.44057680000000005,0.04270041
381,153.596228,2.4569423999999995,4.4943236,0.0455436,0.297032,0.5047304,0.038771685
382,118.6394896,2.41692192,3.7399200800000005,0.0624372,0.23462960000000002,0.40274400000000005,0.05673984
383,148.3060184,2.40541728,3.9404279200000003,0.07226519999999999,0.274428,0.44599120000000003,0.055696035
384,128.7309816,2.4039801599999997,4.68007384,0.07611119999999999,0.2518056,0.35369120000000004,0.05025129
385,225.8662352,2.4144816,2.82907144,0.061398,0.31254240000000005,0.511116,0.05109387
386,160.5464968,2.39777088,3.9145132000000005,0.0673812,0.20177679999999998,0.3485576,0.054663015
387,165.6830808,2.3909625599999997,3.47054864,0.09553199999999999,0.15311760000000002,0.412524,0.056409345
388,106.47004400000002,2.4257856,5.2110115200000005,0.066102,0.255768,0.371136,0.057557264999999996
389,218.15307600000003,2.42041728,2.7966868799999998,0.065412,0.23900960000000004,0.4716944,0.057675885
390,162.8770264,2.42231232,3.6715660800000003,0.0571344,0.3104304,0.5109632000000001,0.055287735
391,139.4581784,2.43802656,3.43322304,0.0535596,0.33513440000000005,0.46458640000000007,0.053372685
392,139.4581784,2.43802656,3.43322304,0.0535596,0.33513440000000005,0.46458640000000007,0.053372685
393,70.1635624,2.45809056,8.556177759999999,0.0193308,0.307356,0.6407416,0.04234904999999999
394,145.449304,2.43171648,3.2160752,0.056648399999999995,0.34048080000000003,0.44503519999999996,0.054507585
395,208.18066399999998,2.38894752,2.39269368,0.09284759999999999,0.2753112,0.46498400000000006,0.056837655
396,215.3654056,2.40300096,2.9507701600000003,0.0674916,0.28674320000000003,0.4881672,0.05297389499999999
397,57.461212,2.43438336,6.935639360000001,0.054607199999999995,0.329552,0.36020880000000005,0.054374385
398,233.46159680000002,2.4493295999999996,2.74290536,0.0381576,0.38288720000000004,0.5189784000000001,0.05025297
399,137.8286376,2.4094694399999996,4.05356016,0.0606072,0.2791808,0.3794,0.056097375000000005
400,133.3611576,2.4216211199999997,3.80128528,0.0513948,0.2478328,0.44084880000000004,0.04590492
401,145.5085448,2.43633408,5.8841016,0.0760344,0.22262240000000003,0.31604720000000003,0.05980812
402,108.17192399999999,2.4325910399999997,3.46697832,0.0491808,0.20425200000000002,0.4256672,0.05192916
403,108.384412,2.42428416,12.59431784,0.058676400000000004,0.273252,0.2380312,0.05860677
404,57.12926,2.4571564799999996,7.476766960000001,0.052458,0.4130832,0.32863440000000005,0.044579685
405,217.8250736,2.42021568,2.7834726400000003,0.06398279999999999,0.22592800000000002,0.5106136,0.05719578
406,223.1137936,2.4462921599999996,2.97969984,0.0439224,0.26254879999999997,0.48841840000000003,0.05750379
407,162.8114256,2.41756512,3.1067847200000003,0.062452799999999996,0.30081840000000004,0.47619360000000005,0.05502288
408,127.94951200000001,2.4209039999999997,4.84821168,0.07744559999999999,0.24404,0.311,0.0544935
409,122.13120080000002,2.4060816,4.565545920000001,0.0716328,0.2689592,0.34626080000000004,0.049469535
410,137.6294312,2.39446176,4.35083688,0.0629508,0.24007040000000002,0.33793760000000006,0.055866570000000004
411,102.29105200000001,2.4423830399999997,7.395788400000001,0.047372399999999995,0.29682800000000004,0.38762,0.04207128
412,106.95603040000002,2.4399033599999997,6.05262424,0.0695124,0.2946104,0.343484,0.044957189999999994
413,289.5422608,2.43263712,2.5420574400000002,0.047298,0.39516640000000003,0.5822096,0.04816212
414,126.7296872,2.4294019199999997,4.07210856,0.053848799999999995,0.2709896,0.4296504,0.056302815000000006
415,143.5783688,2.43085824,4.1463032,0.052435199999999994,0.2917768,0.47734319999999997,0.052428840000000004
416,98.7934816,2.4048076800000002,5.69675808,0.078528,0.2878208,0.25522320000000004,0.052695
417,146.072632,2.40751488,3.4157957600000004,0.0715044,0.2469096,0.43562480000000003,0.05615259
418,156.95147680000002,2.39148576,3.12846248,0.0888648,0.1932976,0.394232,0.056581665
419,163.9664304,2.4288192,3.2611550400000002,0.0322092,0.28989600000000004,0.5592744,0.051286319999999996
420,137.1533568,2.41443552,4.58275584,0.0606276,0.23131520000000003,0.32087360000000004,0.05282973
421,137.1533568,2.41443552,4.58275584,0.0606276,0.23131520000000003,0.32087360000000004,0.05282973
422,117.39027120000002,2.4087100799999996,4.20139408,0.08016,0.2212264,0.40453520000000004,0.052726545
423,223.1137936,2.4462921599999996,2.97969984,0.0439224,0.26254879999999997,0.48841840000000003,0.05750379
424,70.1635624,2.45809056,8.556177759999999,0.0193308,0.307356,0.6407416,0.04234904999999999
425,66.65480960000001,2.4312470399999997,2.93010432,0.039277200000000005,0.34481680000000003,0.41556879999999996,0.041561085000000005
426,59.606622400000006,2.43475872,6.40705,0.0508992,0.33692000000000005,0.3249376,0.051019065
427,59.606622400000006,2.43475872,6.40705,0.0508992,0.33692000000000005,0.3249376,0.051019065
428,309.689844,2.40830784,2.3162141600000004,0.063534,0.3927488,0.5236584,0.04873332
429,309.689844,2.40830784,2.3162141600000004,0.063534,0.3927488,0.5236584,0.04873332
430,266.43686560000003,2.42207136,2.51102696,0.056112,0.31813920000000007,0.5686352,0.049610684999999995
431,166.31699200000003,2.4224064,3.14333448,0.054654,0.3272936,0.5296608,0.051860985
432,157.986792,2.39768256,4.0318356,0.0663948,0.207268,0.334728,0.054294150000000006
433,139.0321776,2.4319824,5.26969976,0.055662,0.2852712,0.43906400000000007,0.050839560000000006
434,136.5180664,2.40014592,4.005239680000001,0.06798839999999999,0.23486479999999998,0.34125120000000003,0.0537906
435,125.34675279999999,2.41192512,4.82572168,0.0639192,0.25894720000000004,0.38478,0.04848822
436,133.3312008,2.42162592,4.65311496,0.05727959999999999,0.22703440000000003,0.31736800000000004,0.053440635
437,125.1988768,2.41364064,4.60650112,0.05124359999999999,0.26917680000000005,0.4383488,0.05568300000000001
438,166.8980472,2.40541248,3.42989712,0.0869364,0.2048008,0.425688,0.05589993
439,124.39294400000001,2.4160992,4.6311772,0.0712212,0.24659520000000001,0.3452168,0.052055819999999996
440,146.4505128,2.4051379199999996,3.96722872,0.0728124,0.2683784,0.44246720000000006,0.05582178000000001
441,142.1214352,2.40932064,4.358849040000001,0.0625644,0.218144,0.2985136,0.05451282
442,142.1214352,2.40932064,4.358849040000001,0.0625644,0.218144,0.2985136,0.05451282
443,110.26644320000001,2.4208214399999997,5.3033198399999995,0.058561199999999994,0.30418720000000005,0.370056,0.05157156
444,247.56584480000004,2.47864032,2.68762728,0.0174324,0.2476064,0.51512,0.050682359999999996
445,152.7115848,2.38948992,3.10379472,0.0877764,0.23294800000000004,0.38851600000000003,0.056184525
446,359.2474608,2.47204896,3.93628976,0.0177444,0.2172272,0.6027728,0.038922015
447,226.1027096,2.4003676799999996,2.72057032,0.0794508,0.2367016,0.4893592,0.057853440000000006
448,140.7265504,2.39229696,3.34317776,0.0830016,0.2626232,0.3714784,0.055653615
449,121.90617680000001,2.41733568,3.8629344000000003,0.0531144,0.2590504,0.4290888,0.054997725
450,121.6106448,2.40389472,4.40590696,0.0712476,0.2718456,0.36098080000000005,0.047754075
451,130.92194800000001,2.4420287999999997,3.61176712,0.052338,0.24941520000000003,0.491144,0.0467601
452,103.8676272,2.41860288,3.01744248,0.0720084,0.29471759999999997,0.39707840000000005,0.057541575
453,150.6592776,2.4414768,4.30271296,0.0559524,0.2879896,0.46538959999999996,0.043947389999999996
454,85.57113040000002,2.5088121599999997,5.00283784,0.035166,0.24937600000000001,0.6436744000000001,0.057635879999999994
455,226.78527840000004,2.42168544,2.79399432,0.0567672,0.3285112,0.5151744,0.050792415
456,204.74162560000002,2.40575328,2.86682968,0.0752004,0.2296456,0.44062080000000003,0.05724789
457,129.9872928,2.40897792,4.2735992000000005,0.05897759999999999,0.2533152,0.340808,0.05376783
458,57.4868656,2.43181248,9.70147464,0.059753999999999995,0.3838824,0.2767264,0.04064094
459,265.4831784,2.42081088,2.50974568,0.05714759999999999,0.30583200000000005,0.5694312,0.04969533
460,259.2393064,2.40621696,2.41069192,0.06975239999999999,0.2545248,0.5304544,0.050941740000000006
461,227.14868160000003,2.42009952,2.92930768,0.06500639999999999,0.2356608,0.47430960000000005,0.057767985
462,225.23706080000002,2.4194131199999998,2.4865588800000005,0.072186,0.20702240000000002,0.5225752,0.055730924999999994
463,131.9498776,2.43943296,5.9633808,0.0334164,0.2581144,0.45384640000000004,0.04895690999999999
464,129.1720096,2.4214895999999997,4.6125508,0.08321640000000001,0.239348,0.30037600000000003,0.05722605
465,141.9560792,2.4188217599999997,4.6555444,0.0629004,0.21940240000000003,0.2998328,0.05311899
466,145.2513792,2.43039456,3.37681864,0.056928,0.33804080000000003,0.4405448,0.054709845
467,222.56359840000002,2.39455296,2.6574246400000003,0.0867108,0.22586320000000001,0.4823120000000001,0.05786361
468,152.249768,2.4226368,2.68789976,0.05630639999999999,0.229576,0.507104,0.051501045
469,97.94706400000001,2.4199296,4.12166768,0.0839268,0.23103440000000003,0.36308,0.055056855
470,146.7426512,2.4348172800000003,6.0395556,0.07818,0.22586,0.2953488,0.059697045
471,131.38697520000002,2.4173107199999997,3.8984410400000002,0.0706464,0.20668799999999998,0.44443279999999996,0.054200415
472,317.279492,2.46139488,4.5534632,0.029588399999999997,0.1640912,0.558628,0.046195635
473,156.51638160000002,2.39077728,3.15698136,0.08951160000000001,0.195368,0.3932064,0.0565296
474,143.8041624,2.40330624,4.322383520000001,0.0628968,0.2184408,0.3006376,0.054470969999999994
475,202.6039184,2.40604224,3.45578688,0.0763668,0.2532752,0.5671896000000001,0.052810605
476,167.2119144,2.4102912,3.2710360800000005,0.0634704,0.31070000000000003,0.476708,0.054936135
477,113.21678480000001,2.4190944,3.8939908800000005,0.076836,0.2069752,0.41885440000000007,0.05327826
478,141.9260376,2.42077056,4.69767688,0.0631284,0.21635520000000003,0.298248,0.053473799999999995
479,96.2330936,2.41450368,3.65372696,0.0651612,0.3046224,0.4024024,0.057470445
480,58.7643368,2.47191648,8.8721984,0.05972759999999999,0.3451272,0.27082880000000004,0.031592804999999995
481,69.9791136,2.41706496,5.08179048,0.0595512,0.3463912,0.4348232000000001,0.056960355
482,135.7245728,2.3962444799999996,2.87057576,0.0775116,0.2299312,0.3657792,0.05647731
483,82.77514640000001,2.40480192,3.6590413600000002,0.0543228,0.262484,0.39230560000000003,0.06090672
484,211.941504,2.45451264,2.9120426399999997,0.0379068,0.2851696,0.49497920000000006,0.057234944999999995
485,166.97115440000002,2.4067795199999997,3.28613168,0.07107959999999999,0.286372,0.4525680000000001,0.055220865
486,210.6709472,2.46045216,3.00664,0.032857199999999996,0.2905184,0.5067912,0.057110715
487,152.695056,2.43377952,3.00722448,0.0407664,0.2982168,0.5140336,0.051452685000000005
488,183.4893432,2.4085487999999997,2.802852,0.0281676,0.1898488,0.6262008,0.051678765
489,154.00758080000003,2.43594528,2.99275496,0.0411804,0.302368,0.5067136,0.050983875000000005
490,143.85180640000002,2.4080256,3.8121054400000003,0.07059,0.2688472,0.4494336,0.055830254999999995
491,155.0258664,2.4265468799999996,3.1440988800000005,0.037478399999999995,0.2855608,0.5472888,0.05235441
492,131.6355472,2.42992032,5.12736952,0.04605,0.25878480000000004,0.4392144,0.048575865
493,131.6355472,2.42992032,5.12736952,0.04605,0.25878480000000004,0.4392144,0.048575865
494,140.7265504,2.39229696,3.34317776,0.0830016,0.2626232,0.3714784,0.055653615
495,173.1551392,2.41146624,3.2393181600000003,0.0633012,0.32241680000000006,0.4879776,0.054337305
496,114.0155032,2.42513856,3.0863664,0.0732888,0.29091520000000004,0.4156888000000001,0.056929305
497,245.70542,2.44067808,2.6859976,0.0455532,0.32576160000000004,0.4983168,0.05002587
498,110.9717776,2.4301967999999996,3.3061652,0.049419599999999994,0.2261168,0.44562,0.05231203499999999
499,87.35363760000001,2.48683392,3.72522592,0.035783999999999996,0.2685136,0.6502296000000001,0.057997395
500,146.82014160000003,2.389728,2.98152712,0.0864564,0.2542096,0.37655360000000004,0.056020244999999996
501,212.45512720000002,2.3902876799999997,2.65377216,0.0921288,0.22562000000000004,0.48334000000000005,0.057748365
502,137.02718480000001,2.42604768,3.41484624,0.053176799999999996,0.3217608,0.4424832000000001,0.054692384999999996
503,173.76387920000002,2.43181536,3.12244088,0.0511548,0.3124592,0.5193064,0.056075564999999994
504,134.9972288,2.42835072,3.11949872,0.0629856,0.278776,0.4258272,0.052039125000000006
505,114.4784176,2.40150336,3.9279739200000003,0.073116,0.295784,0.36569680000000004,0.04441065
506,130.93212880000002,2.41048608,4.30617512,0.0735888,0.2171208,0.4175896,0.05220948
507,145.654956,2.4323471999999997,5.1900004,0.0734628,0.2227112,0.2940776,0.058651499999999995
508,132.32872319999998,2.39906688,3.0088676800000003,0.0715608,0.3059408,0.3479728,0.055468485000000005
509,97.38938560000001,2.41765056,4.26981568,0.0860784,0.2347184,0.36547040000000003,0.05490725999999999
510,120.65727520000002,2.40252864,3.9824564000000002,0.08681639999999999,0.258424,0.3277792,0.056854155
511,143.5295776,2.4391056,5.210417680000001,0.0691656,0.21022400000000002,0.33597760000000004,0.05897233500000001
512,132.2694336,2.41895136,3.85565544,0.0561324,0.24578080000000002,0.43362239999999996,0.04598146499999999
513,139.287036,2.42501184,4.44206464,0.0625644,0.209636,0.3156568,0.056099550000000005
514,131.2758304,2.4151372799999997,15.375918480000001,0.07330679999999999,0.25127760000000005,0.34548080000000003,0.051709830000000005
515,151.860388,2.4064867199999997,3.25291824,0.074994,0.2445032,0.4151368,0.055871025000000005
516,142.44611840000002,2.41264224,3.6648248000000003,0.0451968,0.2579728,0.4297472,0.04753119
517,146.6780272,2.4328608,5.81065056,0.0693492,0.21078560000000002,0.299796,0.057837374999999996
518,207.39440880000004,2.48565024,3.7023688,0.0204864,0.332312,0.6555976000000001,0.052316804999999994
519,92.952368,2.39192736,4.9756626399999995,0.0739296,0.281308,0.23004080000000002,0.054238140000000004
520,148.2934328,2.39954976,2.26455528,0.06359999999999999,0.2914472,0.49134880000000003,0.0515901
521,168.40483360000002,2.41966752,2.91954,0.0577272,0.3095184,0.5242104000000001,0.052197345000000006
522,184.2982296,2.39488512,2.07242464,0.0723948,0.25905360000000005,0.4126128,0.054457395
523,224.31528320000004,2.40965952,3.18591624,0.0700152,0.2252608,0.4574376,0.058063605000000004
524,141.6097416,2.4333849599999997,3.03507152,0.0547584,0.33916480000000004,0.45051360000000007,0.054140445
525,116.96409920000002,2.43322752,3.3645144000000005,0.047763599999999996,0.2636392,0.4725688,0.052045545000000006
526,103.5514896,2.40014688,4.35813768,0.0913692,0.251068,0.3676608,0.05427534
527,103.5514896,2.40014688,4.35813768,0.0913692,0.251068,0.3676608,0.05427534
528,131.7884032,2.43251616,3.9128492,0.0595908,0.235716,0.3704624,0.05691339
529,131.7884032,2.43251616,3.9128492,0.0595908,0.235716,0.3704624,0.05691339
530,131.8541992,2.41825632,4.01812216,0.0723132,0.24782400000000002,0.30669520000000006,0.05487021
531,131.8541992,2.41825632,4.01812216,0.0723132,0.24782400000000002,0.30669520000000006,0.05487021
532,150.862988,2.40667296,3.78049464,0.072006,0.22918080000000002,0.42502000000000006,0.05618482500000001
533,210.37053200000003,2.3911238399999997,2.41992192,0.0892248,0.28577840000000004,0.45958720000000003,0.056510985
534,143.77080080000002,2.43595008,3.81226768,0.0534288,0.29941520000000005,0.491228,0.052162635
535,119.11846960000001,2.4286368,3.3124135200000002,0.050926799999999994,0.2622136,0.45346960000000003,0.053296155
536,126.95816640000001,2.4197846399999996,4.47389696,0.0832632,0.2412728,0.30362320000000004,0.0565446
537,165.50113520000002,2.4289824,3.53079064,0.04889519999999999,0.342128,0.5250560000000001,0.054514815
538,137.76259760000002,2.41698528,3.9526032000000004,0.0636948,0.2958176,0.4166632,0.056819295
539,203.2892088,2.43615264,3.03351568,0.0524292,0.24998320000000002,0.504144,0.057009165
540,55.16405600000001,2.42615904,7.257500640000001,0.0555264,0.36804000000000003,0.280916,0.04176912
541,231.41516080000002,2.42350368,2.76529448,0.0632232,0.2907088,0.5085088,0.05100132
542,162.55610320000002,2.4051849599999997,3.27670096,0.07472999999999999,0.28027280000000004,0.43961439999999996,0.055357409999999996
543,184.2982296,2.39488512,2.07242464,0.0723948,0.25905360000000005,0.4126128,0.054457395
544,128.3619384,2.43070848,3.06366528,0.05421599999999999,0.2652144,0.5009344,0.052385985
545,141.2335208,2.4298617599999996,3.1937276800000003,0.05497199999999999,0.3347072,0.44242960000000003,0.05457468000000001
546,132.6670536,2.41097184,4.34894408,0.07281839999999999,0.2180352,0.42001200000000005,0.052762245
547,119.76000959999999,2.4122687999999997,4.65530208,0.052882799999999994,0.25325440000000005,0.430032,0.05586881999999999
548,231.85292960000004,2.4195407999999996,2.78530096,0.065862,0.28280560000000005,0.5067048,0.051191895
549,142.4680544,2.4327503999999998,5.63578912,0.0792492,0.2293672,0.30688800000000005,0.059613405
550,146.9162112,2.43546912,4.1772328,0.0572976,0.2843504,0.45694239999999997,0.04494073500000001
551,146.9162112,2.43546912,4.1772328,0.0572976,0.2843504,0.45694239999999997,0.04494073500000001
552,143.8658448,2.4347356799999997,5.6786808,0.0773316,0.2261872,0.3150832,0.05975547
553,156.9855472,2.42290848,3.34679384,0.060846,0.30738,0.46757280000000007,0.05503698
554,126.31093760000002,2.41300416,4.91669776,0.0719028,0.25703200000000004,0.34066480000000005,0.051575550000000005
555,155.1298584,2.42763456,3.4497008,0.0594504,0.3265344,0.458728,0.05476903500000001
556,143.2622312,2.4137087999999998,4.49169136,0.06308159999999999,0.2226504,0.30065840000000005,0.052945185
557,136.9020384,2.3968704,4.3132481600000006,0.06316559999999999,0.2477592,0.3490688,0.05601852
558,166.58905040000002,2.4224927999999997,2.9608228,0.057497999999999994,0.3035256,0.5171928,0.052532655000000004
559,113.7588016,2.42921184,3.3419994400000004,0.0503736,0.23860720000000002,0.4505608,0.052818885
560,54.4779544,2.43381888,8.3488392,0.0597252,0.3086448,0.3074848,0.052285950000000005
561,54.4779544,2.43381888,8.3488392,0.0597252,0.3086448,0.3074848,0.052285950000000005
562,140.5978512,2.39150304,3.2474540800000002,0.0839496,0.26478480000000004,0.3680968,0.055716600000000005
563,180.6350712,2.4102048,2.44279984,0.0726816,0.2271032,0.44533280000000003,0.054680400000000004
564,164.14971920000002,2.43160032,3.65602952,0.0457284,0.3438296,0.5355056,0.053513175
565,92.50696400000001,2.41575072,3.6591391200000003,0.0635808,0.3078944,0.4064664,0.05720796
566,68.0752136,2.43784608,6.33099688,0.047227200000000004,0.33649840000000003,0.35161600000000004,0.052064205
567,64.73344080000001,2.4286656,3.723278,0.041982,0.34856560000000003,0.3898496,0.041617619999999994
568,64.73344080000001,2.4286656,3.723278,0.041982,0.34856560000000003,0.3898496,0.041617619999999994
569,61.932897600000004,2.4250127999999997,4.790937840000001,0.0457956,0.35721200000000003,0.3572152,0.04139946
570,214.37414560000002,2.50417056,3.7475526400000003,0.035966399999999996,0.261444,0.5648624,0.05203329
571,172.5097904,2.3960678399999997,2.68663512,0.0715212,0.2430224,0.4082888,0.052866014999999995
572,166.49661840000002,2.4210566399999998,3.3766085599999998,0.0545544,0.3332024,0.5269672,0.052437765
573,218.15307600000003,2.42041728,2.7966868799999998,0.065412,0.23900960000000004,0.4716944,0.057675885
574,117.39027120000002,2.4087100799999996,4.20139408,0.08016,0.2212264,0.40453520000000004,0.052726545
575,225.41235360000002,2.40099072,2.9469211200000003,0.0692772,0.2857656,0.49462000000000006,0.052308690000000005
576,129.5574832,2.42666976,3.88269232,0.0456948,0.3323272,0.40745120000000007,0.04960926000000001
577,129.5574832,2.42666976,3.88269232,0.0456948,0.3323272,0.40745120000000007,0.04960926000000001
578,105.7501464,2.42693568,3.50663144,0.0588804,0.2027272,0.4037200000000001,0.0544884
579,157.07148400000003,2.4211776,3.3052208800000002,0.06146639999999999,0.3017904,0.4696928,0.055111049999999995
580,171.35758080000002,2.41120416,3.40814136,0.0620292,0.328924,0.49597680000000005,0.05393049
581,120.8529664,2.4065289599999997,4.34316584,0.070764,0.2719224,0.32932320000000004,0.05061612
582,109.48432640000001,2.4418761599999996,4.426564480000001,0.0546288,0.270084,0.46964560000000005,0.058063710000000004
583,101.97666000000001,2.4478915199999998,4.10197216,0.0555036,0.257904,0.46642400000000006,0.05767836
584,100.6060544,2.43781152,3.7615354400000003,0.05667119999999999,0.17295760000000002,0.400076,0.052765425
585,121.3698608,2.4250550399999997,4.995426800000001,0.0452628,0.27940000000000004,0.4535368,0.046426245000000005
586,126.09460480000001,2.4056726399999997,4.49546656,0.07485119999999999,0.2525848,0.3670752,0.05229843000000001
587,131.24027120000002,2.4368399999999997,3.79694848,0.0595488,0.2367104,0.3813144,0.057149085
588,155.8951664,2.3975020799999998,4.1049268,0.0657456,0.20763600000000004,0.327216,0.054265965000000006
589,94.728076,2.4304195199999996,3.733028,0.0728724,0.2063528,0.3753808,0.054891855
590,158.5878176,2.3943168,3.88513528,0.088626,0.204188,0.4062448,0.056205660000000005
591,125.94017360000001,2.4133603200000002,4.02902136,0.0723132,0.2469696,0.3889432,0.04955856000000001
592,146.94748560000002,2.44197024,3.6423400000000004,0.06140999999999999,0.3000952,0.46287839999999997,0.038093385
593,142.1758912,2.42944512,3.01172768,0.0502176,0.2886536,0.4862616,0.05339607
594,166.7260864,2.41982976,2.8115484800000003,0.057356399999999995,0.30278960000000005,0.5266784000000001,0.051734039999999995
595,113.7588016,2.42921184,3.3419994400000004,0.0503736,0.23860720000000002,0.4505608,0.052818885
596,132.6607792,2.4262464,4.80794912,0.050605199999999996,0.2610944,0.43583040000000006,0.047918579999999995
597,132.6607792,2.4262464,4.80794912,0.050605199999999996,0.2610944,0.43583040000000006,0.047918579999999995
598,214.0850344,2.40401472,2.91752344,0.066906,0.289128,0.49202000000000007,0.05275797
599,146.7858032,2.43582624,6.16617248,0.07742639999999999,0.22388080000000002,0.3037112,0.059868315
600,146.7858032,2.43582624,6.16617248,0.07742639999999999,0.22388080000000002,0.3037112,0.059868315
601,230.57092320000004,2.4328550399999997,2.63157648,0.0472068,0.3710488,0.5355248,0.050427375
602,156.52135040000002,2.44880928,4.29938808,0.0540108,0.289924,0.47717919999999997,0.041019360000000005
603,156.52135040000002,2.44880928,4.29938808,0.0540108,0.289924,0.47717919999999997,0.041019360000000005
604,116.6744264,2.42080992,3.79128152,0.07428119999999999,0.203212,0.42859040000000004,0.0531096
605,60.265399200000004,2.4351139199999996,6.4233884,0.0500544,0.33752080000000007,0.3249904,0.050367344999999994
606,227.8248048,2.39845536,2.807766,0.0817836,0.22761520000000002,0.4799288,0.05789847
607,227.8248048,2.39845536,2.807766,0.0817836,0.22761520000000002,0.4799288,0.05789847
608,167.49216320000002,2.42024448,2.88188576,0.057663599999999995,0.302924,0.523564,0.052154370000000005
609,109.65733680000001,2.43153696,3.4583026400000003,0.04842,0.21797840000000002,0.43430640000000004,0.051803010000000003
610,104.80318640000002,2.4524016,4.04963624,0.0482868,0.2786672,0.5250416000000001,0.05813433
611,132.37155760000002,2.4414700799999998,4.242930640000001,0.040845599999999996,0.31615600000000005,0.5026664000000001,0.037642695000000004
612,132.37155760000002,2.4414700799999998,4.242930640000001,0.040845599999999996,0.31615600000000005,0.5026664000000001,0.037642695000000004
613,132.37155760000002,2.4414700799999998,4.242930640000001,0.040845599999999996,0.31615600000000005,0.5026664000000001,0.037642695000000004
614,133.53103040000002,2.39694528,2.97014016,0.0759816,0.2797328,0.35410640000000004,0.056062845
615,286.5828368,2.43064992,2.55739536,0.0490728,0.374464,0.565732,0.048442395000000006
616,143.9260984,2.4315052799999997,4.03966056,0.0526956,0.2851952,0.4827392,0.052233749999999995
617,143.9260984,2.4315052799999997,4.03966056,0.0526956,0.2851952,0.4827392,0.052233749999999995
618,106.8007936,2.3891174399999997,3.88245104,0.0925368,0.26716880000000004,0.34798320000000005,0.055609139999999994
619,350.3585448,2.41084032,1.8862116000000002,0.07188,0.2375832,0.5946168000000001,0.042845009999999996
620,350.3585448,2.41084032,1.8862116000000002,0.07188,0.2375832,0.5946168000000001,0.042845009999999996
621,123.8149416,2.4085142399999997,4.629183520000001,0.072318,0.2651344,0.33806,0.05061644999999999
622,117.157324,2.4165417600000003,4.11885032,0.056545200000000004,0.23535360000000002,0.4105192,0.055339694999999994
623,136.185388,2.39400096,3.61288512,0.078396,0.2567808,0.36307520000000004,0.05516916
624,160.5464968,2.39777088,3.9145132000000005,0.0673812,0.20177679999999998,0.3485576,0.054663015
625,124.83582799999999,2.41825632,4.73092984,0.0750888,0.24476960000000003,0.3275352,0.05325405
626,137.17520720000002,2.4025583999999998,4.11298472,0.0662664,0.2344048,0.3369624,0.053531789999999996
627,135.2920408,2.43909792,4.308107440000001,0.044088,0.28946,0.4841104,0.042339075
628,232.5581296,2.44667136,2.73162136,0.0393708,0.382456,0.5218048,0.05027715
629,122.27224160000002,2.4424272,2.99173992,0.0523824,0.3351256,0.5163096,0.03986382
630,144.090784,2.41170816,4.43693016,0.0632088,0.2227296,0.30024320000000004,0.053072685
631,124.34466560000001,2.4272448,4.57625168,0.046716,0.2786848,0.4554096000000001,0.046676445
632,157.25356480000002,2.40318432,3.7867502400000004,0.071652,0.29258080000000003,0.4493976,0.05528262
633,142.0880736,2.43243168,4.24038368,0.051670799999999996,0.30249760000000003,0.477924,0.052229985
634,231.56735840000002,2.43352416,2.59564344,0.0468444,0.37080080000000004,0.53912,0.050391075
635,216.8705568,2.42929632,2.76607032,0.0582012,0.249692,0.47375920000000005,0.057585765000000004
636,238.76652800000002,2.41236768,2.52416736,0.0827496,0.20867680000000002,0.5073408,0.05348109
637,110.37335200000001,2.4317904,3.6585016,0.047687999999999994,0.2233408,0.4302264,0.0515652
638,126.2067136,2.4119059199999997,4.27420344,0.0719232,0.2606264,0.3180208,0.052697219999999996
639,126.2067136,2.4119059199999997,4.27420344,0.0719232,0.2606264,0.3180208,0.052697219999999996
640,116.1154296,2.43349248,3.3313966400000004,0.045508799999999995,0.2769192,0.47715120000000005,0.051394725
641,256.5651608,2.40098016,2.2244341600000004,0.075006,0.3005384,0.4795896,0.051823515
642,350.0680176,2.43962976,2.30872928,0.0568356,0.3975224,0.570528,0.044056005
643,198.8874264,2.40438048,3.5947184,0.069288,0.2533232,0.5768712,0.052297710000000004
644,133.3312008,2.42162592,4.65311496,0.05727959999999999,0.22703440000000003,0.31736800000000004,0.053440635
645,132.339636,2.41214592,3.9087828,0.0670128,0.2694736,0.4124744,0.044868825
646,126.7235232,2.41427904,4.952299040000001,0.0723684,0.25483760000000005,0.3375832,0.052040550000000005
647,123.48125040000001,2.4078931199999998,4.667062400000001,0.0715128,0.2654608,0.3456656,0.050028405000000005
648,163.74095440000002,2.427432,3.2526738400000004,0.0512568,0.3215368,0.5306024,0.051847365000000006
649,219.89743680000004,2.4090192,3.62329656,0.051185999999999995,0.24556719999999999,0.5577944,0.05360988
650,114.24267600000002,2.43192576,3.35539984,0.0468036,0.2559616,0.4650776,0.051656385
651,213.27522,2.39045952,2.38327232,0.088992,0.2873704,0.45942800000000006,0.056397239999999994
652,157.3493896,2.4306624,3.11870104,0.0361728,0.2959448,0.5398848,0.051541005
653,135.61907920000002,2.44024128,3.67508648,0.0520956,0.3247832,0.474104,0.05275269
654,227.0625248,2.4151727999999997,3.10657464,0.061557600000000004,0.2461144,0.49809440000000005,0.057787305
655,213.269092,2.4069024,4.033232320000001,0.060396,0.24143119999999998,0.5688592,0.053322629999999996
656,143.32932160000001,2.40663072,4.329921440000001,0.0642192,0.22909440000000003,0.3210392,0.052820324999999994
657,130.9211912,2.4334512,5.43173696,0.041867999999999995,0.2569416,0.44283680000000003,0.04898106
658,130.9211912,2.4334512,5.43173696,0.041867999999999995,0.2569416,0.44283680000000003,0.04898106
659,166.5199216,2.43121824,3.5173538399999997,0.050525999999999995,0.32497760000000003,0.5276200000000001,0.055429650000000004
660,169.4352904,2.4179433599999998,3.1977202399999998,0.057747599999999996,0.32695040000000003,0.521368,0.052633275
661,213.94436000000002,2.38718688,2.2581312,0.09286319999999999,0.2752216,0.4692160000000001,0.056799165
662,152.695056,2.43377952,3.00722448,0.0407664,0.2982168,0.5140336,0.051452685000000005
663,134.2688968,2.3936524799999996,3.2907212,0.08067719999999999,0.278668,0.3507456,0.05546109
664,59.46734000000001,2.4345369599999995,6.78645136,0.0530796,0.33245600000000003,0.3437616,0.053523825
665,119.17998080000001,2.44356096,2.75427984,0.0443616,0.33505680000000004,0.5199992,0.040376760000000005
666,180.87089840000002,2.4379535999999997,3.02731416,0.046992,0.3139432,0.5190472,0.05631510000000001
667,142.00686000000002,2.43054528,4.28317864,0.051712799999999996,0.3083456,0.46984560000000003,0.052712144999999995
668,220.91738320000002,2.43220032,2.5182664,0.06793199999999999,0.21509999999999999,0.5190688,0.055451925
669,231.34179680000003,2.43167232,2.74207024,0.057120000000000004,0.310356,0.5109576,0.05067849000000001
670,118.2546144,2.43000384,3.2618664,0.07677719999999999,0.2916992,0.41181200000000007,0.05513147999999999
671,125.4951664,2.4102777599999996,3.9494551200000005,0.0839292,0.2524656,0.3284016,0.057844994999999996
672,102.05696400000001,2.40300768,4.39243688,0.09111119999999999,0.2484944,0.3679032,0.054478439999999996
673,99.9913272,2.43066048,4.96871024,0.0658392,0.2537464,0.37165040000000005,0.057100395000000005
674,71.4665896,2.4212208,4.71040336,0.0580272,0.3418488,0.4503696,0.057181394999999996
675,133.8756344,2.40826752,4.69117896,0.07300079999999999,0.23909919999999998,0.3977432,0.053044455
676,151.19370080000002,2.3973974399999998,4.05889744,0.066504,0.19997920000000002,0.351028,0.055602374999999996
677,112.39364,2.43090048,4.8713392,0.0461172,0.33839280000000005,0.44027120000000003,0.044913194999999996
678,165.761548,2.42348832,3.2319456,0.053622,0.3290704,0.530312,0.05197965
679,192.2023072,2.41643424,3.1524116,0.0873564,0.2542088,0.4713392,0.055605915
680,129.3575928,2.4090643199999997,4.20128176,0.07089119999999999,0.23301680000000002,0.4091888,0.04780062
681,152.8222288,2.42860896,3.5750114400000004,0.05955959999999999,0.32986080000000007,0.45051759999999996,0.05487711
682,136.75627440000002,2.43532608,3.69597384,0.0700116,0.231132,0.36955840000000006,0.05890731
683,88.85764160000001,2.4706387199999997,2.4429152800000002,0.0436128,0.27750080000000005,0.5651784000000001,0.057070425
684,147.241016,2.43451872,5.961894640000001,0.069588,0.2075456,0.3057112,0.058285844999999996
685,128.3782104,2.4174211199999998,4.02238928,0.0669756,0.2469168,0.313076,0.054411974999999994
686,118.407056,2.41533504,4.0958153600000005,0.0646776,0.23276240000000004,0.394116,0.05660232
687,112.86284160000001,2.4254688,4.81188968,0.05102639999999999,0.3076656,0.42390720000000004,0.049423695
688,111.999768,2.42414784,3.49990472,0.055866,0.2228528,0.41723600000000005,0.054361095000000005
689,136.3232424,2.43434016,3.24945816,0.0526824,0.32769760000000003,0.4575408000000001,0.053710245
690,193.1614992,2.42263872,3.05738888,0.091704,0.2469344,0.4903584000000001,0.05530215
691,104.919556,2.42096256,3.91128504,0.0761664,0.22073040000000002,0.3642712,0.055325385000000005
692,133.40730000000002,2.4204288,3.85566792,0.0520212,0.3026912,0.4402336,0.055085055
693,159.976904,2.39580576,3.8966033600000003,0.08914679999999998,0.19766240000000002,0.40952320000000003,0.056190105
694,109.65733680000001,2.43153696,3.4583026400000003,0.04842,0.21797840000000002,0.43430640000000004,0.051803010000000003
695,100.68074960000001,2.40668736,4.41373816,0.0903012,0.2450968,0.36835520000000005,0.0546066
696,59.813512800000005,2.43460512,6.6449240000000005,0.0524964,0.33345040000000004,0.3392152,0.05313894
697,182.7704104,2.40694944,2.40699056,0.0742548,0.2268344,0.4342984000000001,0.05467697999999999
698,166.162268,2.42243232,3.30277168,0.05397,0.33142160000000004,0.5292288,0.052206930000000006
699,128.7309816,2.4039801599999997,4.68007384,0.07611119999999999,0.2518056,0.35369120000000004,0.05025129
700,350.237744,2.4123388799999996,1.9138308800000001,0.07119239999999999,0.24274079999999998,0.6048424,0.042711705
701,168.39665520000003,2.39984736,2.5494903200000003,0.08088,0.2811248,0.441008,0.05714841
702,165.5388792,2.4222144,2.92274528,0.057378,0.2965392,0.5194032000000001,0.05231109
703,211.66323280000003,2.4270767999999996,2.72395656,0.05963519999999999,0.24859520000000002,0.4717128,0.057535365
704,126.2581424,2.42351616,5.04577736,0.052383599999999995,0.24903920000000002,0.4127184,0.0489276
705,126.2581424,2.42351616,5.04577736,0.052383599999999995,0.24903920000000002,0.4127184,0.0489276
706,103.2729736,2.46570528,3.1909872800000003,0.0448176,0.2634888,0.56188,0.058008540000000004
707,103.2729736,2.46570528,3.1909872800000003,0.0448176,0.2634888,0.56188,0.058008540000000004
708,405.07758800000005,2.4393254399999997,5.151744,0.0487716,0.16071200000000002,0.43262,0.03658816499999999
709,153.681836,2.38897248,3.15207256,0.0893556,0.218212,0.38804720000000004,0.056307795
710,228.449072,2.3971948800000002,2.81254272,0.0729468,0.3014064,0.4644264,0.05461314
711,131.2237424,2.4405647999999998,3.4348714399999998,0.061125599999999995,0.23914480000000002,0.4072064,0.057840344999999994
712,233.46159680000002,2.4493295999999996,2.74290536,0.0381576,0.38288720000000004,0.5189784000000001,0.05025297
713,167.19699680000002,2.42118336,2.9133312000000005,0.0576444,0.302112,0.5207288,0.05234571000000001
714,104.09197999999999,2.42820096,3.4959371200000002,0.0591324,0.19756800000000002,0.40237280000000003,0.05440194
715,104.09197999999999,2.42820096,3.4959371200000002,0.0591324,0.19756800000000002,0.40237280000000003,0.05440194
716,132.1626832,2.42519328,4.9589904,0.0820644,0.23660800000000004,0.29346160000000004,0.05737965
717,167.49216320000002,2.42024448,2.88188576,0.057663599999999995,0.302924,0.523564,0.052154370000000005
718,125.4530032,2.4110620799999998,3.60360728,0.07944,0.25197759999999997,0.35272480000000006,0.05808966
719,70.66983040000001,2.43912384,6.01585504,0.045107999999999995,0.33771680000000004,0.3584056,0.050779935
720,112.8435424,2.40062112,3.9914648800000005,0.0722292,0.296168,0.36025440000000003,0.045073724999999995
721,143.4105832,2.391072,2.93509736,0.085626,0.2558776,0.369352,0.056277375000000004
722,124.05104960000001,2.41033728,4.087148,0.0760308,0.2483672,0.3822568,0.050276999999999995
723,147.314636,2.4067488,3.84755488,0.0710952,0.2743264,0.4499792,0.055693799999999995
724,88.6733336,2.43494784,4.52911472,0.053899199999999994,0.3445296,0.306696,0.054475350000000006
725,134.5387448,2.43141792,3.21631232,0.052252799999999995,0.320212,0.4543496,0.053905935
726,141.548132,2.4355084799999998,4.86697224,0.0654288,0.20365120000000003,0.32811520000000005,0.057698115
727,147.241016,2.43451872,5.961894640000001,0.069588,0.2075456,0.3057112,0.058285844999999996
728,152.8222288,2.42860896,3.5750114400000004,0.05955959999999999,0.32986080000000007,0.45051759999999996,0.05487711
729,156.3498416,2.4508972799999995,4.434930240000001,0.052488,0.291136,0.48051920000000004,0.04144659
730,137.8286376,2.4094694399999996,4.05356016,0.0606072,0.2791808,0.3794,0.056097375000000005
731,89.14682640000001,2.4701932799999997,2.39003024,0.043460399999999996,0.279764,0.5630872,0.056850765
732,175.82185040000002,2.39550432,2.5613920800000005,0.073164,0.2400912,0.4061856,0.053466360000000004
733,124.58267840000002,2.41087104,3.5184999200000004,0.0780312,0.2512528,0.3597288,0.057962999999999994
734,153.3420408,2.4054144,3.2096500800000003,0.07626,0.2448784,0.41715840000000004,0.055961175
735,155.0875856,2.4440803200000003,3.81435808,0.05933519999999999,0.290544,0.467352,0.038681190000000004
736,181.4179568,2.39483712,2.53201936,0.08497439999999999,0.17638320000000002,0.45069359999999997,0.057268980000000004
737,141.05019520000002,2.43277536,4.29700856,0.051126,0.30981040000000004,0.4764512,0.05220031499999999
738,223.4223392,2.4099571199999996,2.8246348,0.0614328,0.3234336,0.5141736,0.05121358499999999
739,204.1238528,2.41857888,3.030638,0.059303999999999996,0.2750824,0.451896,0.05878452
740,237.74707039999998,2.42240352,2.68084336,0.0762924,0.23136800000000002,0.5063256,0.05193792
741,111.19116240000001,2.42936256,3.3086456,0.050466000000000004,0.2254384,0.44378399999999996,0.05268803999999999
742,104.919556,2.42096256,3.91128504,0.0761664,0.22073040000000002,0.3642712,0.055325385000000005
743,152.95802,2.4069561599999996,3.3373870400000003,0.07278,0.23364720000000003,0.40908,0.055733595000000004
744,152.9982296,2.40830592,3.3792044000000003,0.0726072,0.2347784,0.4140264,0.05584803
745,202.2080808,2.4081168,2.9713424,0.0744336,0.2265552,0.45010320000000004,0.057161235000000005
746,216.40102560000003,2.4025094399999998,2.93701304,0.06751199999999999,0.2883552,0.4911904,0.052758675000000005
747,196.6217408,2.41143648,2.9064744800000004,0.0707028,0.2706848,0.4411872,0.057625185
748,84.6197144,2.44028352,5.072685280000001,0.051433200000000005,0.3426696,0.29514640000000003,0.055236855
749,98.9352176,2.4313344,3.6280129600000004,0.0630936,0.19109920000000002,0.39082560000000005,0.05451568500000001
750,119.9394656,2.42362272,4.686615440000001,0.042691200000000006,0.2823304,0.461116,0.0450507
751,157.8317872,2.4488879999999997,3.97821632,0.056484,0.2910504,0.47615840000000004,0.038588145000000004
752,209.855908,2.3982576,2.62599688,0.075864,0.302752,0.4588304,0.056154764999999995
753,209.855908,2.3982576,2.62599688,0.075864,0.302752,0.4588304,0.056154764999999995
754,120.1109984,2.4416976,2.9002126400000003,0.0516396,0.3368032,0.5204168,0.040274700000000004
755,165.69812000000002,2.4185088,3.2705868,0.061667999999999994,0.28387280000000004,0.5021088,0.056041995
756,212.93059119999998,2.4162912,3.20673288,0.062138399999999996,0.2677184,0.4444696000000001,0.058669139999999995
757,164.69851040000003,2.40352992,3.75969152,0.0659712,0.3196328,0.47277680000000005,0.054557339999999996
758,142.250452,2.4246863999999997,3.9888378400000004,0.0559644,0.30050720000000003,0.4485904,0.054545130000000004
759,61.932897600000004,2.4250127999999997,4.790937840000001,0.0457956,0.35721200000000003,0.3572152,0.04139946
760,99.9913272,2.43066048,4.96871024,0.0658392,0.2537464,0.37165040000000005,0.057100395000000005
761,63.8421568,2.4355872,7.3637491200000005,0.051482400000000005,0.33108080000000006,0.3558864,0.05452536
762,121.51977520000001,2.43285024,3.3005492,0.049677599999999995,0.2778464,0.4681056,0.052752015
763,147.241016,2.43451872,5.961894640000001,0.069588,0.2075456,0.3057112,0.058285844999999996
764,140.0243528,2.41877088,3.7773205599999997,0.040750800000000004,0.25419040000000004,0.44628080000000003,0.046788495
765,342.5169192,2.4439651199999997,4.5496713600000005,0.0494508,0.24143599999999998,0.541972,0.050270669999999996
766,123.59314,2.4095308799999997,4.08232656,0.0781044,0.24928,0.37197040000000003,0.05104158
767,136.9020384,2.3968704,4.3132481600000006,0.06316559999999999,0.2477592,0.3490688,0.05601852
768,128.70915520000003,2.4267052799999997,5.205029440000001,0.0482916,0.2518768,0.4288448,0.048513765
769,125.53309360000002,2.43882624,3.3278856,0.048894,0.2990456,0.48369600000000007,0.05208567
770,145.8676144,2.4325689600000002,5.23101488,0.0747456,0.2244096,0.2931768,0.05886234
771,139.76361119999999,2.43361152,5.09394912,0.058144799999999996,0.2875184,0.43911600000000006,0.05102529000000001
772,127.38227520000001,2.4450239999999996,3.86348248,0.0511224,0.251088,0.48482320000000007,0.04547662500000001
773,117.43845200000001,2.40229824,4.31026648,0.0715404,0.28001040000000005,0.3427304,0.04836189
774,103.2729736,2.46570528,3.1909872800000003,0.0448176,0.2634888,0.56188,0.058008540000000004
775,101.0461792,2.43111936,4.03866216,0.05838599999999999,0.2609112,0.3990296,0.054315300000000004
776,109.2633304,2.42965344,4.014348,0.0481932,0.27563360000000003,0.4536232,0.049865009999999994
777,137.95637200000002,2.43507648,3.99578192,0.071538,0.2296528,0.35960000000000003,0.059106345000000005
778,147.385132,2.4376704,6.11392704,0.0734928,0.2155776,0.31616160000000004,0.059633295
779,142.0728272,2.41458912,4.05954848,0.0629712,0.283452,0.39522080000000004,0.05617431
780,221.59763200000003,2.4053020800000002,3.33657064,0.0730764,0.2308224,0.4424136,0.05824077
781,154.00686000000002,2.3891932799999998,3.23114376,0.08899560000000001,0.2212272,0.38981920000000003,0.056261655
782,110.1091432,2.39822016,4.27552008,0.0886248,0.2537152,0.3695384,0.05310983999999999
783,231.5559328,2.40781344,2.6080964000000004,0.06515639999999999,0.3377408,0.5165504000000001,0.05159976
784,141.510132,2.4162288,3.66185456,0.040966800000000005,0.2568504,0.44048400000000004,0.04742020500000001
785,132.0752688,2.4242976,4.94269672,0.080166,0.2390384,0.2950864,0.0563472
786,156.3498416,2.4508972799999995,4.434930240000001,0.052488,0.291136,0.48051920000000004,0.04144659
787,206.43789040000001,2.40246048,3.86892376,0.0686772,0.24706320000000004,0.5766576,0.05272689
788,176.28883040000002,2.39525568,2.51001192,0.0721212,0.24617360000000002,0.4079920000000001,0.053396145
789,146.6770632,2.437296,6.0324264,0.0747504,0.2190448,0.3164344,0.05976756
790,258.1004152,2.48298912,3.52643408,0.0177864,0.31045680000000003,0.6034456,0.05088327000000001
791,60.14401840000001,2.42428512,5.4691405600000005,0.048255599999999996,0.3593704,0.33582480000000003,0.04150521
792,55.673999200000004,2.42305248,7.017538320000001,0.0550944,0.37463040000000003,0.28525280000000003,0.041394015
793,123.4540528,2.4240624,3.62266528,0.0693708,0.20118640000000002,0.44768160000000007,0.052857225
794,123.4540528,2.4240624,3.62266528,0.0693708,0.20118640000000002,0.44768160000000007,0.052857225
795,216.7512696,2.41418112,3.27393664,0.0644148,0.2612168,0.44152240000000004,0.058599509999999994
796,101.47169760000001,2.42970432,3.55631952,0.061129199999999995,0.19318480000000002,0.3957856,0.054506265000000005
797,191.1599,2.4150624,2.7755156000000003,0.070872,0.22840080000000001,0.4642488,0.056366505
798,148.1118896,2.3959910399999997,4.141694960000001,0.0658812,0.2053528,0.34576640000000003,0.055646804999999994
799,126.50747040000002,2.4231695999999996,5.1440688,0.052668,0.2504264,0.4125344,0.04886134500000001
800,117.35919200000001,2.45549952,4.15556648,0.0430116,0.2750344,0.467488,0.04231977000000001
801,150.829224,2.42728512,3.208348,0.0552456,0.2506024,0.505588,0.051926565
802,165.10970480000003,2.40542496,3.37984608,0.07046759999999999,0.293988,0.45215040000000006,0.05515899
803,162.9319456,2.4042940799999997,3.3126319200000003,0.07245,0.2901016,0.4455064,0.055230885
804,117.43845200000001,2.40229824,4.31026648,0.0715404,0.28001040000000005,0.3427304,0.04836189
805,153.77084960000002,2.4274012799999998,3.58573384,0.06004319999999999,0.3239384,0.45342960000000004,0.05497527
806,111.79483680000001,2.4031996799999997,3.3767552000000003,0.061136399999999994,0.3032712,0.3688232,0.04799034
807,111.79483680000001,2.4031996799999997,3.3767552000000003,0.061136399999999994,0.3032712,0.3688232,0.04799034
808,169.55201440000002,2.4248256,3.14470624,0.0565668,0.2993024,0.5106528,0.056058285000000006
809,136.60417520000001,2.4203136,3.9429353600000003,0.060202799999999994,0.30912480000000003,0.4227208,0.056806605
810,92.3962096,2.41680672,2.49678624,0.05431439999999999,0.3803632,0.4922536,0.045499754999999996
811,177.7587648,2.39474784,2.4645015200000002,0.08432039999999999,0.1814944,0.4464592,0.057330795
812,166.78603520000001,2.4215222400000003,3.2097759200000002,0.054954,0.32925200000000004,0.5287488,0.05209265999999999
813,95.7854984,2.43826944,3.77390208,0.0650736,0.1957048,0.40102560000000004,0.051979245
814,146.55029280000002,2.43480768,5.8262287200000005,0.0689328,0.2055744,0.30914320000000006,0.058192574999999996
815,129.7332152,2.4238512,4.88565272,0.0803376,0.2394056,0.2978888,0.056034705000000004
816,124.39294400000001,2.4160992,4.6311772,0.0712212,0.24659520000000001,0.3452168,0.052055819999999996
817,133.3078736,2.4387283199999996,3.35172552,0.0637224,0.23637039999999998,0.3993432,0.05817537
818,174.5664064,2.41786464,3.00756144,0.0599484,0.32657040000000004,0.5042904,0.053675265
819,270.44880400000005,2.42226912,2.5045488000000002,0.0559524,0.33063600000000004,0.5700136,0.049470915
820,239.88825680000002,2.4626582399999997,2.73367848,0.0390612,0.3522312,0.5002840000000001,0.050565225
821,166.5199216,2.43121824,3.5173538399999997,0.050525999999999995,0.32497760000000003,0.5276200000000001,0.055429650000000004
822,55.923956000000004,2.43662304,14.22473416,0.0386916,0.3212472,0.5438648,0.0340428
823,278.402808,2.42777568,2.5586808,0.05120039999999999,0.3811,0.5666472,0.048822615
824,272.8958248,2.42493408,2.5197744,0.0536364,0.35931120000000005,0.5660328,0.04922275499999999
825,269.649536,2.42113152,2.50188744,0.056947199999999996,0.317952,0.5709208,0.04955754
826,162.55610320000002,2.4051849599999997,3.27670096,0.07472999999999999,0.28027280000000004,0.43961439999999996,0.055357409999999996
827,153.3324216,2.4401135999999997,3.15337776,0.0505236,0.301092,0.4551416,0.04956034499999999
828,151.7980224,2.42688864,3.8777034400000003,0.061158000000000004,0.31924320000000006,0.4431992,0.055349699999999995
829,54.29807120000001,2.43274176,6.554394080000001,0.05488919999999999,0.3436464,0.3118032,0.04950747
830,106.8007936,2.3891174399999997,3.88245104,0.0925368,0.26716880000000004,0.34798320000000005,0.055609139999999994
831,129.7921752,2.4231820799999997,4.88390136,0.07949279999999999,0.2406368,0.30020240000000004,0.05564949
832,145.70902080000002,2.39073888,2.94271952,0.0861768,0.24617840000000002,0.3734696,0.056333865000000004
833,180.2418088,2.39561376,2.43472008,0.0735156,0.2438024,0.4064552,0.054008505
834,95.7854984,2.43826944,3.77390208,0.0650736,0.1957048,0.40102560000000004,0.051979245
835,109.9208744,2.4341932799999997,4.21249608,0.0477864,0.2136568,0.4080976,0.051618044999999994
836,123.6513184,2.4169631999999996,3.84473024,0.0524364,0.2668704,0.43326000000000003,0.055020150000000004
837,192.5454224,2.41999392,3.11505168,0.089838,0.2504008,0.48102880000000003,0.05545896
838,171.78873280000002,2.3996832,3.34951552,0.0900888,0.1768584,0.4376384,0.055885485
839,103.0158328,2.42830176,3.55060784,0.0610272,0.19754080000000002,0.396336,0.05463288
840,204.8405272,2.40388128,3.63545624,0.072612,0.2501496,0.57208,0.052769715
841,142.44611840000002,2.41264224,3.6648248000000003,0.0451968,0.2579728,0.4297472,0.04753119
842,196.23226320000003,2.40752352,3.65035424,0.07238399999999999,0.2598896,0.5714136,0.052287915
843,163.522156,2.43654432,3.13605032,0.038938799999999996,0.31016160000000004,0.5137248,0.050467455
844,233.6222168,2.4119904,2.95119552,0.0654564,0.2367272,0.47652960000000005,0.058064955
845,183.1230472,2.40776736,3.15159312,0.029122799999999997,0.1924672,0.6208336000000001,0.051599849999999996
846,219.00991199999999,2.3916115199999997,2.3313732000000003,0.087138,0.2656368,0.488852,0.057277934999999995
847,182.22866240000002,2.40507168,2.1996655200000004,0.07107,0.26942,0.44683760000000006,0.05356101
848,182.22866240000002,2.40507168,2.1996655200000004,0.07107,0.26942,0.44683760000000006,0.05356101
849,140.5841432,2.4308006399999997,5.56547368,0.0809076,0.23182160000000002,0.295232,0.05914341
850,140.5841432,2.4308006399999997,5.56547368,0.0809076,0.23182160000000002,0.295232,0.05914341
851,224.0800296,2.4141292799999996,2.9304662400000003,0.063588,0.244312,0.5097192,0.05733873
852,142.0498168,2.4202896,3.86253816,0.060606,0.2863256,0.43475840000000004,0.055426199999999995
853,158.41246320000002,2.434656,3.06846904,0.0382152,0.303424,0.5213832,0.050962995000000004
854,237.74707039999998,2.42240352,2.68084336,0.0762924,0.23136800000000002,0.5063256,0.05193792
855,127.1114504,2.42785728,5.08919528,0.047664,0.2481344,0.4252424000000001,0.04870215
856,138.3438968,2.4062179199999996,4.33373512,0.068832,0.2435224,0.3874232,0.046599524999999996
857,162.05369840000003,2.39077728,3.60454848,0.0938064,0.1698224,0.4067944,0.05637522
858,132.1628664,2.4250060799999997,4.97795376,0.08085959999999999,0.2377952,0.2934136,0.056732595
859,145.0359984,2.40979968,4.41060256,0.06345239999999999,0.2244856,0.3038896,0.05293167000000001
860,128.0318848,2.41677792,3.9420076800000006,0.0659172,0.24602400000000002,0.40680240000000006,0.04799592
861,142.42900400000002,2.4144576,3.71264816,0.0472236,0.2657912,0.423956,0.048898004999999994
862,174.5664064,2.41786464,3.00756144,0.0599484,0.32657040000000004,0.5042904,0.053675265
863,162.83979520000003,2.4287568,3.25063024,0.0506088,0.31391680000000005,0.528556,0.051836985
864,159.72607440000002,2.4028300799999998,3.71235072,0.0703476,0.2996152,0.4544008,0.055117785
865,248.93046880000003,2.40789696,2.39218824,0.0681924,0.33175360000000004,0.5124335999999999,0.051635025
866,213.51193840000002,2.38611744,2.36467504,0.09550679999999999,0.2520712,0.48396160000000005,0.057394125000000004
867,111.999768,2.42414784,3.49990472,0.055866,0.2228528,0.41723600000000005,0.054361095000000005
868,137.76259760000002,2.41698528,3.9526032000000004,0.0636948,0.2958176,0.4166632,0.056819295
869,140.334216,2.4339494399999997,4.26343736,0.05098439999999999,0.3103072,0.47925360000000006,0.052015275
870,224.96542960000002,2.39491584,2.58760112,0.07777200000000001,0.30539760000000005,0.4582416,0.055309109999999995
871,216.27629360000003,2.4185519999999996,3.265548,0.0601368,0.24848800000000001,0.4768064,0.05850543
872,54.804376000000005,2.4340185599999997,7.53729808,0.0552024,0.3244984,0.374952,0.05521056
873,247.18715840000002,2.43870336,2.70335832,0.047402400000000004,0.319128,0.48932320000000007,0.05001198
874,100.2176576,2.40903456,5.98913224,0.07857,0.2917136,0.26639840000000004,0.05230827
875,195.324304,2.4135571199999997,2.91423392,0.071604,0.22749600000000003,0.46318560000000003,0.056735295
876,164.53740240000002,2.42186304,2.8725372000000005,0.05728679999999999,0.2893976,0.5210888,0.05209746
877,156.1204464,2.426136,3.43058664,0.059887199999999995,0.3203456,0.46182160000000005,0.05486421
878,142.178308,2.42809728,5.14557888,0.0651084,0.213448,0.2992112,0.055464255
879,130.9707032,2.44173024,3.51091104,0.060432,0.2385856,0.40409680000000003,0.057717225000000004
880,136.39126000000002,2.4315216,3.8540923200000003,0.0731172,0.2340168,0.35792240000000003,0.059054775
881,100.6060544,2.43781152,3.7615354400000003,0.05667119999999999,0.17295760000000002,0.400076,0.052765425
882,120.31904320000001,2.42352288,3.78943136,0.0574236,0.242848,0.4250704,0.056951054999999993
883,141.0777224,2.42052096,3.63388584,0.06673079999999999,0.2782088,0.431396,0.042700169999999996
884,180.36629600000003,2.3948697599999997,2.16103056,0.0718392,0.25576400000000005,0.4120576,0.053881095000000004
885,145.5112424,2.40961728,3.50721696,0.0705636,0.2490232,0.43711279999999997,0.05617419
886,207.25847199999998,2.41950624,2.84707592,0.0812412,0.2266816,0.50436,0.055868385000000007
887,142.0369264,2.4364435199999996,3.6029375200000002,0.0636468,0.3011592,0.4519296,0.038593575
888,175.2244872,2.4174336,2.9864827199999997,0.0604332,0.3260816,0.4997176,0.05392257000000001
889,164.53740240000002,2.42186304,2.8725372000000005,0.05728679999999999,0.2893976,0.5210888,0.05209746
890,144.0096432,2.39886912,3.5535104800000004,0.07542599999999999,0.244412,0.38612,0.05524626
891,144.0096432,2.39886912,3.5535104800000004,0.07542599999999999,0.244412,0.38612,0.05524626
892,106.77680640000001,2.4624192,3.79591992,0.04317,0.2308688,0.4104952,0.044904824999999995
893,143.8658448,2.4347356799999997,5.6786808,0.0773316,0.2261872,0.3150832,0.05975547
894,199.45926480000003,2.45636832,3.15291392,0.0344832,0.2918456,0.535476,0.056544165
895,121.6237552,2.432736,3.44072456,0.0430356,0.3278584,0.4748144,0.050942775
896,125.1130984,2.43938208,3.18423248,0.046447199999999994,0.31106,0.49326480000000006,0.05133144
897,103.0158328,2.42830176,3.55060784,0.0610272,0.19754080000000002,0.396336,0.05463288
898,212.93059119999998,2.4162912,3.20673288,0.062138399999999996,0.2677184,0.4444696000000001,0.058669139999999995
899,139.885852,2.43307488,4.318548,0.0505512,0.3160624,0.47564960000000006,0.05215477500000001
900,151.3307496,2.4354191999999997,2.96800712,0.0424236,0.2995552,0.5033768000000001,0.05124727500000001
901,128.5553592,2.4410515200000003,3.61104848,0.0586836,0.24290080000000003,0.40632960000000007,0.057333630000000003
902,122.4280392,2.4055372800000003,3.70283576,0.0816756,0.2562264,0.3489688,0.057766095
903,185.39776640000002,2.42345472,3.1222048000000004,0.0872028,0.2698224,0.5289328000000001,0.053054084999999994
904,168.801172,2.41883808,3.14436616,0.0571932,0.32541760000000003,0.5243672,0.052387680000000006
905,229.23149440000003,2.41033728,2.6783494400000003,0.0614232,0.3470856,0.5249992,0.05111382
906,116.5069088,2.4336076799999997,3.31135896,0.044958,0.2850568,0.4794,0.051288015
907,76.90394320000001,2.4127171199999995,4.26772944,0.060497999999999996,0.3365904,0.41151760000000004,0.057079305
908,211.941504,2.45451264,2.9120426399999997,0.0379068,0.2851696,0.49497920000000006,0.057234944999999995
909,228.1955568,2.4088128,2.6982280000000003,0.0624312,0.342272,0.5218248,0.05124711
910,92.1143064,2.54060832,6.02632472,0.0372792,0.20003120000000002,0.5756216000000001,0.054095925
911,352.1708744,2.42090592,1.8775016000000002,0.0628116,0.2539384,0.6460192,0.041707215
912,154.00758080000003,2.43594528,2.99275496,0.0411804,0.302368,0.5067136,0.050983875000000005
913,57.7259096,2.4228892799999997,6.32693776,0.0518304,0.36717520000000003,0.3083976,0.04141990500000001
914,78.8176208,2.43691872,4.268457440000001,0.0522636,0.31984,0.5022152000000001,0.057708075
915,126.7235232,2.41427904,4.952299040000001,0.0723684,0.25483760000000005,0.3375832,0.052040550000000005
916,160.8817016,2.4596323200000003,4.4021047200000005,0.049229999999999996,0.2947072,0.49827440000000006,0.038284395
917,171.35758080000002,2.41120416,3.40814136,0.0620292,0.328924,0.49597680000000005,0.05393049
918,146.43604720000002,2.4265382399999997,4.1159216800000005,0.058423199999999995,0.32538960000000006,0.4280352,0.055305795
919,105.39721680000001,2.41831584,3.9996590400000005,0.0788328,0.2264576,0.36133360000000003,0.05535012
920,147.12860080000002,2.4337267199999997,5.579924480000001,0.07485119999999999,0.22257920000000003,0.2940368,0.05913582
921,130.3658448,2.4181871999999998,3.97449104,0.0692676,0.24627200000000002,0.30940560000000006,0.054754094999999996
922,170.6351072,2.3961072,2.7438995999999998,0.073764,0.231296,0.4067664,0.05301705
923,137.919812,2.3978179199999996,4.31548832,0.0619548,0.23198080000000001,0.3218936,0.055619924999999994
924,99.09013680000001,2.42997984,3.6338026400000003,0.06544799999999999,0.1970328,0.3854832,0.054849810000000006
925,127.98773200000001,2.4164313600000003,4.881988799999999,0.0748032,0.2513064,0.3237416,0.053180189999999995
926,121.3539432,2.4126988799999998,4.76262904,0.0520116,0.2590392,0.43479599999999996,0.0558822
927,136.75627440000002,2.43532608,3.69597384,0.0700116,0.231132,0.36955840000000006,0.05890731
928,125.71767600000001,2.42121888,3.7089104,0.0705624,0.2016768,0.4457728000000001,0.05341593000000001
929,131.38697520000002,2.4173107199999997,3.8984410400000002,0.0706464,0.20668799999999998,0.44443279999999996,0.054200415
930,128.2086184,2.4082415999999998,3.5782219200000003,0.07459679999999999,0.28693040000000003,0.39453920000000003,0.04241013
931,226.8146488,2.3980771199999995,2.85135656,0.07161719999999999,0.30007280000000003,0.465832,0.05453944499999999
932,147.54632560000002,2.4383280000000003,4.31548936,0.0563088,0.2868576,0.46016959999999996,0.04548858
933,147.6376096,2.4339062399999998,5.97187864,0.0705348,0.21176879999999998,0.300364,0.058379355
934,129.26262240000003,2.4166060799999998,4.1438644,0.0828192,0.2463656,0.32244160000000005,0.058266255
935,166.31699200000003,2.4224064,3.14333448,0.054654,0.3272936,0.5296608,0.051860985
936,61.2063232,2.4349776,6.8772184,0.0521436,0.332504,0.3446328,0.05366623499999999
937,238.687012,2.4254793599999998,2.51534608,0.0523212,0.3381824,0.552856,0.05025372
938,151.5208744,2.42760384,3.89252136,0.060629999999999996,0.3253792,0.4403328,0.055252035
939,129.1819944,2.4363408,5.2670488,0.038592,0.2491208,0.44532400000000005,0.04859496
940,220.8954832,2.39310816,2.46505376,0.0820968,0.30126080000000005,0.45658000000000004,0.055722195
941,218.15307600000003,2.42041728,2.7966868799999998,0.065412,0.23900960000000004,0.4716944,0.057675885
942,158.253296,2.4209088,2.59195352,0.0568368,0.25527920000000004,0.5184464000000001,0.05123493
943,95.772516,2.4462412799999997,3.22439104,0.0533868,0.262996,0.4590832,0.05574958499999999
944,89.20428480000001,2.50100256,4.74111144,0.0355728,0.2548472,0.6435080000000001,0.057787664999999995
945,225.1974856,2.4413308799999998,3.0348385600000003,0.047145599999999996,0.254996,0.48728879999999997,0.057565935
946,109.06030240000001,2.4106108799999997,3.3750880800000003,0.0656868,0.329452,0.417424,0.043122524999999995
947,137.6158328,2.40449664,4.58215576,0.072726,0.2461264,0.36792800000000003,0.047177819999999995
948,142.0880736,2.43243168,4.24038368,0.051670799999999996,0.30249760000000003,0.477924,0.052229985
949,231.2503664,2.41062432,3.3910448,0.0660276,0.2315512,0.4682168,0.05825331
950,231.2503664,2.41062432,3.3910448,0.0660276,0.2315512,0.4682168,0.05825331
951,211.8666504,2.3874432,2.46505168,0.09462839999999999,0.24141040000000002,0.483744,0.057583665
952,224.31528320000004,2.40965952,3.18591624,0.0700152,0.2252608,0.4574376,0.058063605000000004
953,117.73768319999999,2.4031276800000003,4.3206228,0.0710184,0.279004,0.338484,0.048955035
954,117.73768319999999,2.4031276800000003,4.3206228,0.0710184,0.279004,0.338484,0.048955035
955,159.8874264,2.42142528,2.6976466400000003,0.0569028,0.26245840000000004,0.5206080000000001,0.051542715
956,168.801172,2.41883808,3.14436616,0.0571932,0.32541760000000003,0.5243672,0.052387680000000006
957,210.0163576,2.3867903999999998,2.36742064,0.0950844,0.2666496,0.47233520000000007,0.057067230000000004
958,165.48866,2.40466176,3.77679016,0.06443399999999999,0.32482160000000004,0.4796688,0.054351989999999996
959,127.98773200000001,2.4164313600000003,4.881988799999999,0.0748032,0.2513064,0.3237416,0.053180189999999995
960,153.596228,2.4569423999999995,4.4943236,0.0455436,0.297032,0.5047304,0.038771685
961,196.16455040000002,2.42393472,2.97191128,0.09150960000000001,0.23743840000000002,0.4936856,0.055639665000000005
962,121.65720240000002,2.4164016,3.6995524800000004,0.0691332,0.3070648,0.40959760000000006,0.04104723
963,142.0369264,2.4364435199999996,3.6029375200000002,0.0636468,0.3011592,0.4519296,0.038593575
964,146.67657440000002,2.4534422399999998,4.3105951199999994,0.0442296,0.305692,0.5106064,0.037638525
965,132.0752688,2.4242976,4.94269672,0.080166,0.2390384,0.2950864,0.0563472
966,206.91743200000002,2.42078016,2.86383656,0.079596,0.22623600000000002,0.4948464000000001,0.05641437
967,140.05856960000003,2.42292288,3.82670496,0.0352476,0.25916160000000005,0.4508632000000001,0.047887755
968,141.20426,2.42829888,4.2682588,0.0735672,0.2302688,0.2945176,0.057726915
969,220.856128,2.39341824,2.59045176,0.0881112,0.22669280000000003,0.4859544,0.057835515
970,179.0519896,2.4103008,3.12546832,0.0273336,0.19641200000000003,0.6214736000000001,0.051597525
971,163.8047488,2.4310291200000003,3.2129021600000005,0.033713999999999994,0.29643440000000004,0.5481368,0.05113161
972,140.0243528,2.41877088,3.7773205599999997,0.040750800000000004,0.25419040000000004,0.44628080000000003,0.046788495
973,119.2909056,2.44441824,2.64809792,0.045504,0.3351168,0.5255672,0.040411545
974,119.2909056,2.44441824,2.64809792,0.045504,0.3351168,0.5255672,0.040411545
975,98.0832456,2.42829504,4.48858592,0.0641664,0.2610136,0.3611728,0.0553815
976,98.0832456,2.42829504,4.48858592,0.0641664,0.2610136,0.3611728,0.0553815
977,123.4706544,2.40617568,4.51260368,0.0691644,0.266956,0.370908,0.047831639999999995
978,144.4209232,2.43125664,4.876976,0.0744924,0.22629280000000002,0.2930048,0.05852971500000001
979,169.0479984,2.40415008,3.41291808,0.0875556,0.19832080000000002,0.43047199999999997,0.05586303
980,129.7332152,2.4238512,4.88565272,0.0803376,0.2394056,0.2978888,0.056034705000000004
981,83.2103944,2.4674496,3.97940192,0.040628399999999995,0.2889408,0.603388,0.057980460000000004
982,113.8938232,2.4166425599999997,5.7196890400000004,0.0703776,0.2216304,0.37247680000000005,0.055658954999999996
983,125.6925296,2.444184,3.77361192,0.0523068,0.24358559999999999,0.480296,0.045998325
984,118.69195520000001,2.42687424,3.32611968,0.0516516,0.2578112,0.4466112,0.053594325
985,112.6848632,2.431032,3.39863264,0.0468432,0.2466032,0.45328799999999997,0.051526965
986,128.0980832,2.43235872,5.15668608,0.0429732,0.24797440000000004,0.43628880000000003,0.04862583000000001
