column_name,column_type,column_range
experimental_band_gap,num,"[0.2, 13.6]"
phonon_cutoff_frequency,num,"[2.914, 40.513]"
mean_phonon_frequency,num,"[1.415, 29.674]"
electronic_contribution_of_dielectric_constant,num,"[1.821, 26.29]"
total_dielectric_constant,num,"[4.17, 57.213]"
nearest_neighbor_distance,num,"[1.523, 3.604]"
density,num,"[2.317, 10.251]"
bulk_modulus,num,"[18.317, 460.524]"
structure,cat,"['RS', 'CC', 'ZB']"
category,cat,"['Alkali_metal_halides', 'Transition_metal_halides', 'Post-_transition_metal_halides', 'Alkaline_earth_metal_chalcogenides', 'Transition_metal_oxide', 'Group_IV_semiconductor', 'Group_III-V_semiconductor', 'Group_II-VI_semiconductor']"
